program_bundle,n_sources,pct
CAASIP,92916,50.5
CAAMACT + CAANSPS + CAASIP,14696,8
CAANSPS + CAASIP,10450,5.7
CAAMACT + CAASIP,10355,5.6
CAAMACT,6152,3.3
CAACFC,6053,3.3
CAAGACTM + CAANSPS + CAASIP,2738,1.5
CAAMACT + CAANSPS + CAASIP + CAATVP,2109,1.1
CAAFESOP + CAASIP,1901,1
CAAGACTM + CAASIP,1899,1
CAANSR + CAASIP,1768,1
CAASIP + CAATVP,1670,0.9
CAANSPS,1530,0.8
CAAFESOP + CAAGACTM + CAANSR + CAASIP,1407,0.8
CAAMACT + CAASIP + CAATVP,1274,0.7
CAAGACTM + CAAMACT + CAASIP,1084,0.6
CAANSR,1053,0.6
CAATVP,878,0.5
CAANSPS + CAASIP + CAATVP,822,0.4
CAAFESOP,766,0.4
CAAGACTM + CAAMACT + CAANSPS + CAASIP,765,0.4
CAANFRP,721,0.4
CAAFESOP + CAANSPS + CAASIP,719,0.4
CAAGACTM,700,0.4
CAANSR + CAAPSD + CAASIP,683,0.4
CAAMACT + CAANSPS + CAAPSD + CAASIP + CAATVP,662,0.4
CAAGACTM + CAAMACT,578,0.3
CAAMACT + CAANSPS + CAATVP,576,0.3
CAANSPSM + CAASIP,544,0.3
CAAFESOP + CAANSR + CAASIP,512,0.3
CAANSPS + CAANSR + CAASIP,482,0.3
CAANSPS + CAANSPSM + CAASIP,441,0.2
CAAGACTM + CAAMACT + CAANSPS + CAANSPSM + CAASIP,435,0.2
CAAMACT + CAANESH + CAANSPS + CAASIP + CAATVP,403,0.2
CAAGACTM + CAANSPSM + CAASIP,394,0.2
CAAPSD + CAASIP,335,0.2
CAAGACTM + CAANSPS + CAASIP + CAATVP,296,0.2
CAAGACTM + CAAMACT + CAANSPS + CAASIP + CAATVP,277,0.2
CAAMACT + CAANSPS + CAANSR + CAASIP,276,0.1
CAACFC + CAASIP,253,0.1
CAANSPSM,231,0.1
CAAMACT + CAANSPS,229,0.1
CAANAM,228,0.1
CAAFESOP + CAAMACT + CAASIP,220,0.1
CAAFESOP + CAAMACT + CAANSPS + CAASIP,198,0.1
CAANESH,196,0.1
CAAFIP,194,0.1
CAAFESOP + CAAGACTM + CAASIP,192,0.1
CAAMACT + CAAPSD + CAASIP + CAATVP,191,0.1
CAAFESOP + CAAGACTM + CAANSPS + CAASIP,181,0.1
CAAPSD,179,0.1
CAAFESOP + CAAGACTM + CAAMACT + CAANSR + CAASIP,175,0.1
CAAMACT + CAAPSD + CAASIP,174,0.1
CAAFESOP + CAANSPS + CAANSR + CAASIP,173,0.1
CAAMACT + CAANSPS + CAANSR + CAAPSD + CAASIP + CAATVP,157,0.1
CAANSPS + CAAPSD + CAASIP,156,0.1
CAANSPS + CAANSR + CAAPSD + CAASIP,149,0.1
CAAMACT + CAANSPS + CAANSR + CAASIP + CAATVP,142,0.1
CAAMACT + CAANSPS + CAAPSD + CAASIP,142,0.1
CAANSPS + CAAPSD + CAASIP + CAATVP,140,0.1
CAAFESOP + CAANSPSM + CAASIP,139,0.1
CAAMACT + CAATVP,136,0.1
CAANSR + CAASIP + CAATVP,133,0.1
CAAFIP + CAASIP,132,0.1
CAANSPS + CAATVP,132,0.1
CAAMACT + CAANSR + CAASIP,131,0.1
CAAMACT + CAANESH + CAANSPS + CAAPSD + CAASIP + CAATVP,129,0.1
CAAPSD + CAASIP + CAATVP,113,0.1
CAAFESOP + CAANSPS,111,0.1
CAATIP,104,0.1
CAAGACTM + CAAMACT + CAANSPS + CAAPSD + CAASIP + CAATVP,103,0.1
CAAFESOP + CAAGACTM + CAAMACT + CAANSPS + CAANSR + CAASIP,101,0.1
CAAFESOP + CAAMACT + CAANSR + CAASIP,101,0.1
CAAMACT + CAANSPS + CAANSR + CAAPSD + CAASIP,95,0.1
CAANSPS + CAANSR + CAASIP + CAATVP,95,0.1
CAAMS,94,0.1
CAAGACTM + CAASIP + CAATVP,93,0.1
CAAFESOP + CAAGACTM + CAANSPSM + CAASIP,89,0
CAANFRP + CAASIP,89,0
CAAPARGDC,86,0
CAAFESOP + CAAGACTM + CAAMACT + CAASIP,83,0
CAAGACTM + CAAMACT + CAASIP + CAATVP,80,0
CAAMACT + CAANSR + CAASIP + CAATVP,80,0
CAANFRP + CAANSR + CAAOTH,79,0
CAAFESOP + CAAGACTM + CAANSPS + CAANSR + CAASIP,77,0
CAAFENF,72,0
CAANESH + CAANSPS + CAASIP + CAATVP,70,0
CAANAM + CAASIP,69,0
CAANESH + CAASIP,69,0
CAANFRP + CAANSR + CAAOTH + CAASIP,69,0
CAANSR + CAATVP,68,0
CAAFESOP + CAAMACT + CAANSPS,66,0
CAAGACTM + CAANSPS + CAAPSD + CAASIP + CAATVP,66,0
CAAGACTM + CAANSPSM,66,0
CAAFESOP + CAAMACT,65,0
CAAAR + CAAMACT + CAANSPS + CAAPSD + CAASIP + CAATVP,64,0
CAANFRP + CAAOTH + CAASIP,62,0
CAANESH + CAANSPS + CAATIP,59,0
CAAOTH,59,0
CAAFESOP + CAAGACTM + CAAMACT + CAANSPS + CAASIP,55,0
CAAGACTM + CAANSPS + CAANSR + CAASIP + CAATVP,48,0
CAANFRP + CAAOTH,48,0
CAANSPS + CAANSR + CAAPSD + CAASIP + CAATVP,48,0
CAAGACTM + CAAMACT + CAANSPS + CAANSR + CAASIP + CAATVP,46,0
CAAMACT + CAANESH + CAANSPS + CAATVP,45,0
CAAMACT + CAANSPSM + CAASIP,45,0
CAAGACTM + CAAMACT + CAANESH + CAANSPS + CAASIP + CAATVP,42,0
CAAGHG + CAAMACT + CAANSPS + CAASIP,42,0
CAAFESOP + CAAMACT + CAANSPS + CAANSR + CAASIP,41,0
CAAGACTM + CAANSPS + CAANSPSM + CAASIP,41,0
CAAGHG + CAASIP,41,0
CAANSPS + CAANSPSM,41,0
CAAGACTM + CAANESH + CAANSPS + CAASIP + CAATVP,39,0
CAAMACT + CAANESH + CAASIP + CAATVP,39,0
CAANSPS + CAANSR,39,0
CAAMACT + CAANSPS + CAAOTH + CAASIP + CAATVP,38,0
CAACFC + CAAMACT + CAASIP,37,0
CAAMACT + CAANESH + CAANSPS + CAANSR + CAAPSD + CAASIP + CAATVP,37,0
CAACFC + CAAMACT + CAANESH + CAANSPS + CAASIP + CAATVP,36,0
CAAGACTM + CAAMACT + CAANESH + CAANSPS + CAATVP,36,0
CAAGACTM + CAANSPS,36,0
CAANFRP + CAANSPSM + CAANSR + CAAOTH + CAASIP,36,0
CAAMACT + CAANSR + CAAPSD + CAASIP + CAATVP,35,0
CAANSPS + CAANSPSM + CAASIP + CAATVP,35,0
CAACFC + CAAGACTM + CAANSPS + CAASIP,34,0
CAACFC + CAAMACT + CAANSPS + CAAPARGDC + CAASIP + CAATVP,34,0
CAACFC + CAAMACT + CAANSPS + CAASIP + CAATVP,33,0
CAAMACT + CAANSPS + CAANSPSM + CAASIP + CAATVP,33,0
CAACFC + CAANSPS + CAASIP,32,0
CAAGACTM + CAANSPS + CAANSPSM + CAASIP + CAATVP,32,0
CAAMACT + CAANSR + CAAPSD + CAASIP,32,0
CAAAR + CAANSPS + CAAPSD + CAASIP + CAATVP,31,0
CAAMACT + CAANFRP + CAANSPS + CAASIP,31,0
CAAMACT + CAANSPS + CAAPARGDC + CAASIP + CAATVP,31,0
CAANSPS + CAAOTH + CAASIP,31,0
CAAGHG + CAAMACT + CAANSPS + CAASIP + CAATVP,30,0
CAAMACT + CAANFRP + CAASIP,29,0
CAACFC + CAAMACT + CAANESH + CAANSPS + CAAPSD + CAASIP + CAATVP,28,0
CAACFC + CAAMACT,27,0
CAACFC + CAAMACT + CAANSPS + CAAPSD + CAASIP + CAATVP,27,0
CAAFESOP + CAAGACTM + CAAMACT,27,0
CAANESH + CAANSPS + CAASIP,27,0
CAARMP + CAASIP,27,0
CAAFESOP + CAAOTH + CAASIP,26,0
CAAGACTM + CAANSR + CAASIP + CAATVP,26,0
CAAMACT + CAANSPSM,26,0
CAAMACT + CAANESH + CAANSPS + CAANSR + CAASIP + CAATVP,25,0
CAAMACT + CAANESH + CAANSPS + CAAPARGDC + CAASIP + CAATVP,25,0
CAANAM + CAANSPS + CAATIP,25,0
CAANSR + CAAPSD,25,0
CAACFC + CAAMACT + CAANSPS + CAASIP,24,0
CAACFC + CAAMACT + CAAPARGDC + CAASIP + CAATVP,24,0
CAACFC + CAASIP + CAATVP,24,0
CAAFENF + CAAMACT + CAANSPS + CAAPSD + CAASIP + CAATVP,24,0
CAAMACT + CAANAM,24,0
CAAMACT + CAANESH + CAASIP,24,0
CAAAR + CAAMACT + CAANSPS + CAASIP + CAATVP,23,0
CAAMACT + CAANSR,23,0
CAAMACT + CAAOTH + CAASIP + CAATVP,23,0
CAANFRP + CAANSPSM + CAANSR + CAAOTH,23,0
CAACFC + CAAFESOP + CAASIP,22,0
CAANSPS + CAAOTH + CAASIP + CAATVP,22,0
CAANSR + CAAPSD + CAASIP + CAATVP,22,0
CAAOTH + CAASIP,22,0
CAAGHG + CAAMACT + CAANSPS + CAAPSD + CAASIP + CAATVP,21,0
CAAAR + CAANSPS + CAASIP + CAATVP,20,0
CAAGACTM + CAAMACT + CAANSPS + CAANSR + CAAPSD + CAASIP + CAATVP,20,0
CAAGACTM + CAAMACT + CAANSPS + CAANSR + CAASIP,20,0
CAAGHG + CAAMACT + CAASIP,20,0
CAAMACT + CAANESH + CAANSPS + CAASIP,20,0
CAACFC + CAANSPS + CAASIP + CAATVP,19,0
CAAFESOP + CAAGACTM + CAANSPS + CAAOTH + CAASIP,19,0
CAAFIP + CAAMACT + CAASIP,19,0
CAAGACTM + CAAGHG + CAANSPS + CAASIP + CAATVP,19,0
CAAGACTM + CAANSPS + CAATVP,19,0
CAAGHG + CAANSPS + CAASIP,19,0
CAAMACT + CAANSPS + CAAPSD + CAATVP,19,0
CAANESH + CAASIP + CAATVP,19,0
CAARMP,19,0
CAAMACT + CAANSPS + CAAOTH + CAAPSD + CAASIP + CAATVP,18,0
CAAOTH + CAASIP + CAATVP,18,0
CAAAR + CAAMACT + CAANSPS + CAANSR + CAAPSD + CAASIP + CAATVP,17,0
CAAFENF + CAAMACT + CAANSPS + CAASIP + CAATVP,17,0
CAAMACT + CAANSPS + CAANSR + CAATVP,17,0
CAAAR + CAAGACTM + CAANSPS + CAAPSD + CAASIP + CAATVP,16,0
CAAFESOP + CAANESH + CAASIP,16,0
CAAFESOP + CAANSR,16,0
CAAFIP + CAANSPS + CAASIP,16,0
CAAGACTM + CAAMACT + CAAPSD + CAASIP + CAATVP,16,0
CAAGACTM + CAANSPS + CAANSR + CAASIP,16,0
CAACFC + CAAGACTM + CAANSPS + CAAPARGDC + CAASIP + CAATVP,15,0
CAACFC + CAAMACT + CAANSPS + CAANSR + CAAPARGDC + CAASIP + CAATVP,15,0
CAACFC + CAANSPS + CAAPARGDC + CAASIP + CAATVP,15,0
CAAFESOP + CAAGACTM,15,0
CAAGACTM + CAANESH + CAANSPS + CAASIP,15,0
CAANAM + CAATVP,15,0
CAANSPS + CAAPSD,15,0
CAANSPS + CAAPSD + CAATVP,15,0
CAAAR,14,0
CAAAR + CAAGACTM + CAAMACT + CAANSPS + CAAPSD + CAASIP + CAATVP,14,0
CAAFESOP + CAAFIP + CAASIP,14,0
CAAGACTM + CAAMACT + CAANESH + CAANSPS + CAAPSD + CAATVP,14,0
CAAGACTM + CAAPSD + CAASIP + CAATVP,14,0
CAAAR + CAAGACTM + CAANSPS + CAANSR + CAASIP + CAATVP,13,0
CAAMACT + CAANAM + CAATVP,13,0
CAAMACT + CAANFRP + CAANSPS + CAANSR + CAASIP,13,0
CAANESH + CAANSPS + CAATVP,13,0
CAAPSD + CAATVP,13,0
CAAAR + CAASIP + CAATVP,12,0
CAACFC + CAAGACTM + CAANSPS + CAANSR + CAAOTH + CAASIP + CAATVP,12,0
CAACFC + CAAMACT + CAANESH + CAANSPS + CAANSR + CAAPSD + CAASIP + CAATVP,12,0
CAACFC + CAAMACT + CAANSPS + CAANSR + CAAPARGDC + CAAPSD + CAASIP + CAATVP,12,0
CAAFESOP + CAAGACTM + CAAMACT + CAANSPS + CAASIP + CAATVP,12,0
CAAGHG + CAAMACT + CAASIP + CAATVP,12,0
CAAMACT + CAANESH + CAANSPS + CAAPSD + CAATVP,12,0
CAAMACT + CAANSPS + CAANSR,12,0
CAAAR + CAACFC + CAANSPS + CAAPARGDC + CAASIP + CAATVP,11,0
CAAAR + CAAGACTM + CAANSPS + CAASIP + CAATVP,11,0
CAAAR + CAAMACT + CAANSPS + CAANSR + CAASIP + CAATVP,11,0
CAACFC + CAAGACTM + CAANSPS + CAASIP + CAATVP,11,0
CAACFC + CAAPARGDC + CAASIP + CAATVP,11,0
CAAFENF + CAAFESOP + CAASIP,11,0
CAAFESOP + CAAMACT + CAASIP + CAATVP,11,0
CAAGACTM + CAANSPSM + CAANSR + CAASIP,11,0
CAAGHG + CAANSPS + CAASIP + CAATVP,11,0
CAAMACT + CAANSPS + CAANSPSM + CAAPSD + CAASIP + CAATVP,11,0
CAAMACT + CAANSPS + CAANSPSM + CAASIP,11,0
CAANSPS + CAAOTH,11,0
CAACFC + CAAGACTM + CAANESH + CAANSPS + CAASIP + CAATVP,10,0
CAACFC + CAAGACTM + CAASIP,10,0
CAACFC + CAAMACT + CAANESH + CAANSPS + CAAPARGDC + CAASIP + CAATVP,10,0
CAACFC + CAAMACT + CAANSPS + CAANSR + CAAPSD + CAASIP + CAATVP,10,0
CAAFESOP + CAANSPS + CAAOTH + CAASIP,10,0
CAAFESOP + CAANSR + CAAPSD + CAASIP,10,0
CAAGACTM + CAAMACT + CAANESH + CAANSPS + CAAPSD + CAASIP + CAATVP,10,0
CAAGACTM + CAANESH + CAASIP,10,0
CAAGACTM + CAANSPS + CAANSR + CAAPSD + CAASIP + CAATVP,10,0
CAAMACT + CAANESH,10,0
CAAMACT + CAANESH + CAANSPS + CAAOTH + CAASIP + CAATVP,10,0
CAAMACT + CAANSPSM + CAANSR + CAASIP,10,0
CAANFRP + CAANSPS + CAASIP,10,0
CAANSPS + CAARMP + CAASIP,10,0
CAACFC + CAAFESOP + CAANSPS + CAASIP,9,0
CAACFC + CAAGACTM + CAAMACT + CAANSPS + CAASIP + CAATVP,9,0
CAAFESOP + CAAGACTM + CAAMACT + CAANSPS + CAAPSD + CAASIP + CAATVP,9,0
CAAFESOP + CAASIP + CAATVP,9,0
CAAGACTM + CAAMACT + CAANESH + CAATVP,9,0
CAAGACTM + CAAMACT + CAANSPS + CAANSPSM + CAASIP + CAATVP,9,0
CAAGACTM + CAAMACT + CAANSPS + CAAOTH + CAASIP,9,0
CAAMACT + CAANESH + CAANSPS + CAAPARGDC + CAAPSD + CAASIP + CAATVP,9,0
CAANAM + CAAPSD,9,0
CAANSPS + CAANSPSM + CAAOTH,9,0
CAANSPS + CAANSR + CAATVP,9,0
CAAAR + CAACFC + CAAMACT + CAANSPS + CAANSR + CAAPARGDC + CAASIP + CAATVP,8,0
CAAAR + CAAGACTM + CAAMACT + CAANSPS + CAANSR + CAASIP + CAATVP,8,0
CAAAR + CAANSPS + CAANSR + CAAPSD + CAASIP + CAATVP,8,0
CAAAR + CAANSR + CAASIP,8,0
CAACFC + CAAGACTM + CAAMACT + CAANSPS + CAAPARGDC + CAASIP + CAATVP,8,0
CAACFC + CAAMACT + CAANESH + CAANSPS + CAANSR + CAASIP + CAATVP,8,0
CAACFC + CAAMACT + CAASIP + CAATVP,8,0
CAAFENF + CAASIP,8,0
CAAFESOP + CAAGACTM + CAANSPS + CAASIP + CAATVP,8,0
CAAFESOP + CAAMACT + CAANSPS + CAASIP + CAATVP,8,0
CAAFIP + CAAMACT + CAASIP + CAATVP,8,0
CAAGACTM + CAAMACT + CAANSPS + CAATVP,8,0
CAAGACTM + CAAMACT + CAAOTH + CAASIP,8,0
CAAMACT + CAANAM + CAANSPS + CAATVP,8,0
CAANESH + CAANSPS + CAAPSD + CAASIP + CAATVP,8,0
CAAAR + CAACFC + CAAMACT + CAANSPS + CAANSR + CAAPARGDC + CAAPSD + CAASIP + CAATVP,7,0
CAAAR + CAACFC + CAAMACT + CAANSPS + CAAPARGDC + CAASIP + CAATVP,7,0
CAACFC + CAAMACT + CAANSR + CAAPARGDC + CAASIP + CAATVP,7,0
CAACFC + CAANSPS + CAAPARGDC + CAAPSD + CAASIP + CAATVP,7,0
CAACFC + CAANSR + CAASIP,7,0
CAAFENF + CAAGACTM + CAANSPS + CAASIP + CAATVP,7,0
CAAFENF + CAAMACT + CAANSPS + CAASIP,7,0
CAAFENF + CAAMACT + CAASIP + CAATVP,7,0
CAAFESOP + CAAMACT + CAANSPSM + CAASIP,7,0
CAAFESOP + CAAMACT + CAANSR + CAAPSD + CAASIP,7,0
CAAFESOP + CAAMACT + CAANSR + CAASIP + CAATVP,7,0
CAAFESOP + CAANESH + CAANSPS + CAASIP,7,0
CAAFESOP + CAANSPS + CAASIP + CAATVP,7,0
CAAFESOP + CAANSR + CAAOTH + CAASIP,7,0
CAAFESOP + CAAPSD + CAASIP,7,0
CAAFIP + CAAMACT + CAANSPS + CAASIP + CAATVP,7,0
CAAGACTM + CAAMACT + CAANSPSM + CAASIP,7,0
CAAGACTM + CAANESH + CAANSPS + CAAPSD + CAATVP,7,0
CAAGACTM + CAANSR + CAASIP,7,0
CAAGHG + CAAMACT + CAANSPS + CAANSR + CAAPSD + CAASIP + CAATVP,7,0
CAAMACT + CAANESH + CAANSPS + CAANSR + CAAPARGDC + CAAPSD + CAASIP + CAATVP,7,0
CAAMACT + CAANESH + CAANSPS + CAAPSD + CAASIP,7,0
CAAMACT + CAANESH + CAANSPS + CAASFP + CAASIP + CAATVP,7,0
CAAMACT + CAANESH + CAANSR + CAASIP + CAATVP,7,0
CAAMACT + CAANESH + CAAPSD + CAASIP + CAATVP,7,0
CAANAM + CAANSPS + CAASIP + CAATVP,7,0
CAANFRP + CAANSPS + CAANSR + CAAOTH + CAASIP,7,0
CAANFRP + CAANSPSM + CAAOTH,7,0
CAAAR + CAACFC + CAAMACT + CAANESH + CAANSPS + CAANSR + CAAPSD + CAASIP + CAATVP,6,0
CAAAR + CAAGACTM + CAAMACT + CAANSR + CAASIP + CAATVP,6,0
CAAAR + CAAMACT + CAANESH + CAANSPS + CAAPSD + CAASIP + CAATVP,6,0
CAAAR + CAAMACT + CAANSPS + CAANSPSM + CAASIP + CAATVP,6,0
CAACFC + CAAFESOP,6,0
CAACFC + CAAGACTM + CAAMACT + CAANESH + CAANSPS + CAASIP + CAATVP,6,0
CAACFC + CAAMACT + CAANSPS + CAANSR + CAASIP + CAATVP,6,0
CAACFC + CAAMACT + CAANSPS + CAAPARGDC + CAAPSD + CAASIP + CAATVP,6,0
CAAFESOP + CAAFIP,6,0
CAAFESOP + CAAGACTM + CAANESH + CAANSPS + CAASIP,6,0
CAAFESOP + CAAGACTM + CAANSPS,6,0
CAAFESOP + CAAMS + CAANSPS + CAASIP,6,0
CAAFESOP + CAANSPS + CAANSR + CAAPSD + CAASIP,6,0
CAAFESOP + CAANSPSM,6,0
CAAFESOP + CAATVP,6,0
CAAFIP + CAANAM,6,0
CAAFIP + CAASIP + CAATVP,6,0
CAAGACTM + CAANESH + CAANSPS + CAAPSD + CAASIP + CAATVP,6,0
CAAGACTM + CAANESH + CAANSPS + CAATVP,6,0
CAAGACTM + CAANSPS + CAAOTH + CAASIP,6,0
CAAGACTM + CAANSPS + CAAOTH + CAASIP + CAATVP,6,0
CAAMACT + CAANSPS + CAAPSD + CAARMP + CAASIP + CAATVP,6,0
CAAMACT + CAANSPS + CAARMP + CAASIP + CAATVP,6,0
CAAMACT + CAANSPS + CAASFP + CAASIP + CAATVP,6,0
CAANAM + CAANSPS,6,0
CAANFRP + CAANSPS + CAANSR + CAAPSD + CAASIP,6,0
CAANFRP + CAANSPSM + CAAOTH + CAASIP,6,0
CAANSPS + CAANSPSM + CAARMP + CAASIP,6,0
CAANSPSM + CAANSR,6,0
CAANSPSM + CAANSR + CAASIP,6,0
CAAPARGDC + CAASIP,6,0
CAAAR + CAACFC + CAAFENF + CAAMACT + CAANSPS + CAANSR + CAAOTH + CAAPSD + CAASIP + CAATVP,5,0
CAAAR + CAAGHG + CAAMACT + CAANSPS + CAAPSD + CAASIP + CAATVP,5,0
CAAAR + CAASIP,5,0
CAACFC + CAAFESOP + CAAMACT + CAANSPS + CAASIP,5,0
CAACFC + CAAFESOP + CAANSR + CAASIP,5,0
CAACFC + CAAGACTM + CAAMACT + CAANSPS + CAANSR + CAAOTH + CAASIP + CAATVP,5,0
CAACFC + CAAGACTM + CAAMACT + CAANSPS + CAANSR + CAAPARGDC + CAASIP + CAATVP,5,0
CAACFC + CAAGACTM + CAANESH + CAANSPS + CAAPSD + CAASIP + CAATVP,5,0
CAACFC + CAAGACTM + CAANESH + CAANSPS + CAASIP,5,0
CAACFC + CAAMACT + CAANESH + CAANSPS + CAANSR + CAAPARGDC + CAAPSD + CAASIP + CAATVP,5,0
CAACFC + CAANSPS + CAAPSD + CAASIP + CAATVP,5,0
CAACFC + CAANSR + CAAPARGDC + CAASIP + CAATVP,5,0
CAAFENF + CAAFESOP + CAANSPS + CAASIP,5,0
CAAFENF + CAANSPS + CAASIP,5,0
CAAFENF + CAASIP + CAATVP,5,0
CAAFESOP + CAAFIP + CAANSPS + CAASIP,5,0
CAAFESOP + CAAGACTM + CAAMACT + CAANSPS + CAANSR + CAASIP + CAATVP,5,0
CAAFESOP + CAAGACTM + CAAOTH + CAASIP,5,0
CAAFESOP + CAAGACTM + CAASIP + CAATVP,5,0
CAAFESOP + CAANSPS + CAAPSD + CAASIP,5,0
CAAGACTM + CAAMACT + CAANESH + CAANSPS + CAASIP,5,0
CAAGACTM + CAAMACT + CAANSPS,5,0
CAAGACTM + CAAMACT + CAANSPS + CAAPSD + CAASIP,5,0
CAAGACTM + CAAMACT + CAANSR + CAASIP,5,0
CAAGACTM + CAANSPS + CAAPSD + CAASIP,5,0
CAAGACTM + CAATVP,5,0
CAAMACT + CAANSPS + CAANSR + CAAOTH + CAASIP + CAATVP,5,0
CAAMACT + CAANSPS + CAANSR + CAAPSD + CAATVP,5,0
CAAMACT + CAANSPS + CAAPARGDC + CAATVP,5,0
CAAMACT + CAAPSD,5,0
CAANAM + CAANSPS + CAASIP,5,0
CAANAM + CAAPSD + CAATVP,5,0
CAANAM + CAASIP + CAATVP,5,0
CAAAR + CAACFC + CAAMACT + CAANESH + CAANSPS + CAAPSD + CAASIP + CAATVP,4,0
CAAAR + CAACFC + CAAMACT + CAANESH + CAANSPS + CAASIP + CAATVP,4,0
CAAAR + CAACFC + CAANSPS + CAANSR + CAAPARGDC + CAASIP + CAATVP,4,0
CAAAR + CAACFC + CAANSPS + CAAPARGDC + CAAPSD + CAASIP + CAATVP,4,0
CAAAR + CAAGACTM + CAAMACT + CAANSPS + CAASIP + CAATVP,4,0
CAAAR + CAAGHG + CAAMACT + CAANSPS + CAASIP + CAATVP,4,0
CAAAR + CAATVP,4,0
CAACFC + CAAFENF + CAAMACT + CAANSPS + CAANSR + CAAOTH + CAAPSD + CAASIP + CAATVP,4,0
CAACFC + CAAGACTM + CAAMACT + CAANESH + CAANSPS + CAAPSD + CAASIP + CAATVP,4,0
CAACFC + CAAGACTM + CAAMACT + CAANESH + CAANSPS + CAAPSD + CAATVP,4,0
CAACFC + CAAGACTM + CAAMACT + CAANSPS + CAANSR + CAAPARGDC + CAAPSD + CAASIP + CAATVP,4,0
CAACFC + CAAGACTM + CAAMACT + CAANSPS + CAAPSD + CAASIP + CAATVP,4,0
CAACFC + CAAGACTM + CAAMACT + CAANSPS + CAASIP,4,0
CAACFC + CAAGACTM + CAAMACT + CAAPARGDC + CAASIP + CAATVP,4,0
CAACFC + CAAGACTM + CAANSPS + CAAOTH + CAASIP + CAATVP,4,0
CAACFC + CAAGACTM + CAANSPS + CAAPSD + CAASIP + CAATVP,4,0
CAACFC + CAAMACT + CAANESH + CAANSPS + CAANSR + CAAPARGDC + CAASIP + CAATVP,4,0
CAACFC + CAAMACT + CAANESH + CAASIP + CAATVP,4,0
CAACFC + CAAMACT + CAANSPS + CAATVP,4,0
CAACFC + CAAMACT + CAANSR + CAAOTH + CAASIP + CAATVP,4,0
CAACFC + CAAMACT + CAAPARGDC + CAAPSD + CAASIP + CAATVP,4,0
CAACFC + CAAMACT + CAAPARGDC + CAASIP,4,0
CAACFC + CAAMACT + CAAPSD + CAASIP + CAATVP,4,0
CAACFC + CAANESH + CAASIP,4,0
CAACFC + CAATVP,4,0
CAAFENF + CAAFESOP + CAAMACT + CAANSPS + CAASIP,4,0
CAAFENF + CAAGACTM + CAANSPS + CAAPSD + CAASIP + CAATVP,4,0
CAAFENF + CAAMACT + CAAPSD + CAASIP + CAATVP,4,0
CAAFESOP + CAAGACTM + CAAMACT + CAANSPS,4,0
CAAFESOP + CAAGACTM + CAAMACT + CAANSPSM + CAASIP,4,0
CAAFESOP + CAAGACTM + CAANESH + CAASIP,4,0
CAAFESOP + CAAGACTM + CAANSPSM,4,0
CAAFESOP + CAAGACTM + CAANSR + CAAPSD + CAASIP,4,0
CAAFESOP + CAAMACT + CAANESH + CAANSPS + CAANSR + CAASIP,4,0
CAAFESOP + CAAMACT + CAANESH + CAANSPS + CAASIP,4,0
CAAFESOP + CAAMACT + CAANESH + CAASIP,4,0
CAAFESOP + CAAMACT + CAANSPS + CAANSR + CAAPSD + CAASIP,4,0
CAAFESOP + CAAMACT + CAANSPS + CAAPSD + CAASIP + CAATVP,4,0
CAAFESOP + CAAPSD,4,0
CAAFIP + CAAMACT + CAANSPS + CAASIP,4,0
CAAFIP + CAANSPS + CAASIP + CAATVP,4,0
CAAGACTM + CAAGHG + CAAMACT + CAANSPS + CAASIP + CAATVP,4,0
CAAGACTM + CAAGHG + CAANSPS + CAAPSD + CAASIP + CAATVP,4,0
CAAGACTM + CAAMACT + CAANESH + CAANSPS + CAANSR + CAAPSD + CAASIP + CAATVP,4,0
CAAGACTM + CAAMACT + CAANESH + CAANSPS + CAASFP + CAASIP + CAATVP,4,0
CAAGACTM + CAAMACT + CAANSPS + CAAOTH + CAAPSD + CAASIP + CAATVP,4,0
CAAGACTM + CAAMACT + CAANSR + CAAPSD + CAASIP + CAATVP,4,0
CAAGACTM + CAANESH + CAANSPS + CAASFP + CAASIP + CAATVP,4,0
CAAGACTM + CAANESH + CAASIP + CAATVP,4,0
CAAGACTM + CAANSPS + CAAPSD + CAATVP,4,0
CAAGHG + CAAMACT + CAANSPS + CAANSR + CAASIP + CAATVP,4,0
CAAGHG + CAAMACT + CAANSR + CAASIP + CAATVP,4,0
CAAGHG + CAAMACT + CAAPSD + CAASIP + CAATVP,4,0
CAAMACT + CAANAM + CAANSPS,4,0
CAAMACT + CAANESH + CAANSPS + CAAPSD + CAARMP + CAASIP + CAATVP,4,0
CAAMACT + CAANFRP + CAANSPS + CAANSR + CAASIP + CAATVP,4,0
CAAMACT + CAANFRP + CAAOTH + CAASIP,4,0
CAAMACT + CAANSPS + CAAOTH + CAASIP,4,0
CAAMACT + CAANSPS + CAARMP + CAASIP,4,0
CAAMACT + CAANSR + CAATVP,4,0
CAANAM + CAANESH,4,0
CAANESH + CAANSPS,4,0
CAANESH + CAANSPS + CAANSR + CAASIP + CAATVP,4,0
CAANESH + CAAPSD + CAASIP + CAATVP,4,0
CAANFRP + CAANSPS + CAAOTH + CAASIP,4,0
CAANFRP + CAANSR + CAASIP,4,0
CAANSPS + CAANSR + CAAOTH + CAASIP,4,0
CAANSPS + CAANSR + CAAPSD,4,0
CAANSPS + CAAPARGDC + CAASIP,4,0
CAASO,4,0
CAAAR + CAACFC + CAAGACTM + CAAMACT + CAANSPS + CAANSR + CAAPARGDC + CAAPSD + CAASIP + CAATVP,3,0
CAAAR + CAACFC + CAAGACTM + CAAMACT + CAANSPS + CAAPARGDC + CAASIP + CAATVP,3,0
CAAAR + CAACFC + CAANSPS + CAANSR + CAAPARGDC + CAAPSD + CAASIP + CAATVP,3,0
CAAAR + CAAGACTM + CAAMACT + CAANSPS + CAANSR + CAAPSD + CAASIP + CAATVP,3,0
CAAAR + CAAGACTM + CAAMACT + CAANSPS + CAAOTH + CAAPSD + CAASIP + CAATVP,3,0
CAAAR + CAAMACT + CAANESH + CAANSPS + CAANSR + CAAPSD + CAASIP + CAATVP,3,0
CAAAR + CAAMACT + CAANSPS + CAANSPSM + CAAPSD + CAASIP + CAATVP,3,0
CAAAR + CAAMACT + CAASIP + CAATVP,3,0
CAAAR + CAANSPS + CAANSR + CAASIP + CAATVP,3,0
CAAAR + CAANSPS + CAAPSD + CAATVP,3,0
CAAAR + CAANSPS + CAATVP,3,0
CAAAR + CAANSR,3,0
CAACFC + CAAFESOP + CAAMACT + CAANSR + CAASIP,3,0
CAACFC + CAAGACTM,3,0
CAACFC + CAAGACTM + CAAMACT + CAANESH + CAANSPS + CAANSR + CAAPSD + CAASIP + CAATVP,3,0
CAACFC + CAAGACTM + CAAMACT + CAANESH + CAANSPS + CAASIP,3,0
CAACFC + CAAGACTM + CAAMACT + CAANESH + CAANSPS + CAATVP,3,0
CAACFC + CAAGACTM + CAAMACT + CAANESH + CAATVP,3,0
CAACFC + CAAGACTM + CAANESH + CAASIP + CAATVP,3,0
CAACFC + CAAGACTM + CAANSPS + CAANSR + CAAOTH + CAAPSD + CAASIP + CAATVP,3,0
CAACFC + CAAGACTM + CAANSPS + CAAOTH + CAAPSD + CAASIP + CAATVP,3,0
CAACFC + CAAGHG + CAAMACT + CAANSPS + CAASIP + CAATVP,3,0
CAACFC + CAAMACT + CAANESH + CAANSPS + CAAOTH + CAASIP + CAATVP,3,0
CAACFC + CAAMACT + CAANESH + CAANSPS + CAAPSD + CAATVP,3,0
CAACFC + CAAMACT + CAANESH + CAAPSD + CAASIP + CAATVP,3,0
CAACFC + CAAMACT + CAANSPS,3,0
CAACFC + CAAMACT + CAANSR + CAASIP + CAATVP,3,0
CAACFC + CAANESH + CAANSPS + CAAPARGDC + CAASIP + CAATVP,3,0
CAACFC + CAANSPS,3,0
CAACFC + CAANSPS + CAANSR + CAASIP + CAATVP,3,0
CAACFC + CAAPARGDC + CAASIP,3,0
CAAFENF + CAAFESOP + CAAMACT + CAASIP,3,0
CAAFENF + CAAMACT + CAANESH + CAANSPS + CAAPSD + CAASIP + CAATVP,3,0
CAAFENF + CAAMACT + CAANSPS + CAAPSD + CAARMP + CAASIP + CAATVP,3,0
CAAFESOP + CAAGACTM + CAAMACT + CAANSPS + CAANSR + CAAPSD + CAASIP,3,0
CAAFESOP + CAAGACTM + CAAMACT + CAANSR + CAASIP + CAATVP,3,0
CAAFESOP + CAAGACTM + CAANSPS + CAAPSD + CAASIP,3,0
CAAFESOP + CAAGACTM + CAANSPS + CAARMP + CAASIP,3,0
CAAFESOP + CAAGACTM + CAANSR + CAASIP + CAATVP,3,0
CAAFESOP + CAAMACT + CAANESH + CAANSPS + CAAPSD + CAASIP + CAATVP,3,0
CAAFESOP + CAAMACT + CAAOTH,3,0
CAAFESOP + CAANESH + CAANSPS + CAANSR + CAASIP,3,0
CAAFESOP + CAANSPS + CAANSR + CAAOTH + CAASIP,3,0
CAAFESOP + CAANSPS + CAATVP,3,0
CAAFESOP + CAANSR + CAASIP + CAATVP,3,0
CAAFIP + CAAMACT + CAANSR + CAASIP + CAATVP,3,0
CAAGACTM + CAAGHG + CAASIP,3,0
CAAGACTM + CAAMACT + CAANESH + CAANSPS + CAANSR + CAASIP + CAATVP,3,0
CAAGACTM + CAAMACT + CAANESH + CAAPSD + CAASIP + CAATVP,3,0
CAAGACTM + CAAMACT + CAANESH + CAASIP,3,0
CAAGACTM + CAAMACT + CAANESH + CAASIP + CAATVP,3,0
CAAGACTM + CAAMACT + CAANSPS + CAANSPSM + CAAOTH + CAASIP,3,0
CAAGACTM + CAAMACT + CAANSPS + CAAOTH + CAASIP + CAATVP,3,0
CAAGACTM + CAAMACT + CAANSPS + CAARMP + CAASIP + CAATVP,3,0
CAAGACTM + CAAMACT + CAANSR + CAASIP + CAATVP,3,0
CAAGACTM + CAANESH + CAANSPS + CAANSR + CAASIP + CAATVP,3,0
CAAGACTM + CAANESH + CAATVP,3,0
CAAGACTM + CAANSPS + CAANSPSM + CAAOTH,3,0
CAAGACTM + CAANSPS + CAANSR + CAAPSD,3,0
CAAGACTM + CAANSPS + CAANSR + CAAPSD + CAATVP,3,0
CAAGACTM + CAANSPS + CAAOTH + CAAPSD + CAASIP + CAATVP,3,0
CAAGACTM + CAANSPS + CAARMP + CAASIP,3,0
CAAGACTM + CAANSR,3,0
CAAGACTM + CAANSR + CAAPSD + CAASIP + CAATVP,3,0
CAAGACTM + CAAOTH + CAASIP,3,0
CAAGHG + CAAMACT + CAANESH + CAANSPS + CAANSR + CAAPSD + CAASIP + CAATVP,3,0
CAAGHG + CAAMACT + CAANESH + CAANSPS + CAAPSD + CAASIP + CAATVP,3,0
CAAGHG + CAANSPS + CAAPSD + CAASIP + CAATVP,3,0
CAAMACT + CAANESH + CAANSPS + CAANSPSM + CAASIP + CAATVP,3,0
CAAMACT + CAANESH + CAANSPS + CAARMP + CAASIP + CAATVP,3,0
CAAMACT + CAANESH + CAASFP + CAASIP + CAATVP,3,0
CAAMACT + CAANESH + CAATVP,3,0
CAAMACT + CAANFRP + CAANSR + CAAOTH + CAASIP,3,0
CAAMACT + CAANSPS + CAANSR + CAAOTH + CAASIP,3,0
CAAMACT + CAANSPS + CAAPARGDC,3,0
CAAMACT + CAANSPS + CAAPARGDC + CAASIP,3,0
CAAMACT + CAANSR + CAAOTH + CAASIP + CAATVP,3,0
CAAMACT + CAAPSD + CAATVP,3,0
CAAMS + CAASIP,3,0
CAANAM + CAANSPS + CAATVP,3,0
CAANESH + CAANSPS + CAANSR + CAASIP,3,0
CAANESH + CAANSPS + CAAPSD + CAASIP,3,0
CAANESH + CAANSPS + CAAPSD + CAATVP,3,0
CAANFRP + CAANSPS + CAANSR + CAASIP,3,0
CAANSPS + CAANSR + CAAOTH + CAASIP + CAATVP,3,0
CAANSPS + CAAPARGDC + CAASIP + CAATVP,3,0
CAASIP + CAASPP,3,0
CAAAR + CAACFC + CAAGACTM + CAAMACT + CAANSPS + CAANSR + CAAPARGDC + CAASIP + CAATVP,2,0
CAAAR + CAACFC + CAAMACT + CAANSPS + CAAPSD + CAASIP + CAATVP,2,0
CAAAR + CAACFC + CAANSR + CAAPSD,2,0
CAAAR + CAAFESOP + CAAGACTM + CAAMACT + CAANSPS + CAANSR + CAASIP,2,0
CAAAR + CAAFESOP + CAAGACTM + CAASIP,2,0
CAAAR + CAAFESOP + CAAMACT + CAANSPS + CAAPSD + CAASIP + CAATVP,2,0
CAAAR + CAAGACTM + CAAMACT + CAANSPS + CAASIP,2,0
CAAAR + CAAGACTM + CAANESH + CAANSPS + CAAPSD + CAASIP + CAATVP,2,0
CAAAR + CAAGACTM + CAANSPS + CAANSR + CAAPSD + CAASIP + CAATVP,2,0
CAAAR + CAAGACTM + CAANSPS + CAATVP,2,0
CAAAR + CAAMACT + CAANSPS + CAAOTH + CAAPSD + CAASIP + CAATVP,2,0
CAAAR + CAAMACT + CAANSPS + CAAOTH + CAASIP + CAATVP,2,0
CAAAR + CAAMACT + CAANSPS + CAASIP,2,0
CAAAR + CAAMACT + CAAPSD + CAASIP + CAATVP,2,0
CAAAR + CAANSPS + CAANSR + CAAPSD + CAASIP,2,0
CAAAR + CAANSPS + CAAPSD + CAASIP,2,0
CAAAR + CAANSPS + CAASIP,2,0
CAAAR + CAAPSD + CAASIP + CAATVP,2,0
CAACFC + CAAFENF + CAAGACTM + CAAMACT + CAANSPS + CAANSR + CAAOTH + CAAPSD + CAASIP + CAATVP,2,0
CAACFC + CAAFENF + CAAGACTM + CAAMACT + CAANSPS + CAANSR + CAAOTH + CAASIP + CAATVP,2,0
CAACFC + CAAFENF + CAAGACTM + CAANSPS + CAANSR + CAAOTH + CAASIP + CAATVP,2,0
CAACFC + CAAFESOP + CAAGACTM + CAAMACT + CAANSPS + CAASIP + CAATVP,2,0
CAACFC + CAAFESOP + CAAGACTM + CAAMACT + CAAPSD + CAASIP + CAATVP,2,0
CAACFC + CAAFESOP + CAAGACTM + CAANSPS + CAASIP,2,0
CAACFC + CAAFESOP + CAAGACTM + CAASIP + CAATVP,2,0
CAACFC + CAAFESOP + CAAMACT + CAANSPS,2,0
CAACFC + CAAFESOP + CAAMACT + CAANSPS + CAANSR + CAASIP,2,0
CAACFC + CAAGACTM + CAAMACT + CAANESH + CAANSPS + CAAOTH + CAASIP + CAATVP,2,0
CAACFC + CAAGACTM + CAAMACT + CAANESH + CAANSPS + CAAPARGDC + CAASIP + CAATVP,2,0
CAACFC + CAAGACTM + CAAMACT + CAANSPS + CAANSR + CAASIP + CAATVP,2,0
CAACFC + CAAGACTM + CAANESH + CAANSPS + CAANSR + CAASIP + CAATVP,2,0
CAACFC + CAAGACTM + CAANSPS + CAANSR + CAAPARGDC + CAASIP,2,0
CAACFC + CAAGACTM + CAAPARGDC + CAASIP + CAATVP,2,0
CAACFC + CAAMACT + CAANESH + CAANSPS + CAASIP,2,0
CAACFC + CAAMACT + CAANSPS + CAAOTH + CAASIP + CAATVP,2,0
CAACFC + CAAMACT + CAATVP,2,0
CAACFC + CAANSPS + CAANSR + CAAPARGDC + CAAPSD + CAASIP + CAATVP,2,0
CAACFC + CAANSPS + CAANSR + CAAPSD + CAASIP + CAATVP,2,0
CAACFC + CAANSPS + CAAPSD + CAASIP,2,0
CAACFC + CAANSR + CAAPSD,2,0
CAACFC + CAANSR + CAAPSD + CAASIP + CAATVP,2,0
CAACFC + CAAPSD + CAASIP,2,0
CAAFENF + CAAFESOP + CAAGACTM + CAANSPS + CAASIP,2,0
CAAFENF + CAAFESOP + CAAMACT + CAANESH + CAANSPS + CAAPSD + CAASIP + CAATVP,2,0
CAAFENF + CAAFESOP + CAAMACT + CAANSPSM + CAASIP,2,0
CAAFESOP + CAAFIP + CAAMACT + CAANSPS + CAASIP,2,0
CAAFESOP + CAAFIP + CAAMACT + CAASIP,2,0
CAAFESOP + CAAFIP + CAANSPS + CAANSR + CAAPSD + CAASIP,2,0
CAAFESOP + CAAGACTM + CAAGHG + CAANSPSM + CAASIP,2,0
CAAFESOP + CAAGACTM + CAAMACT + CAANESH + CAANSPS + CAAPSD + CAASIP + CAATVP,2,0
CAAFESOP + CAAGACTM + CAAMACT + CAANESH + CAANSPS + CAASIP,2,0
CAAFESOP + CAAGACTM + CAAMACT + CAANSPS + CAANSPSM + CAASIP,2,0
CAAFESOP + CAAGACTM + CAAMACT + CAANSPS + CAANSR + CAAOTH + CAASIP,2,0
CAAFESOP + CAAGACTM + CAAMACT + CAANSPS + CAAOTH + CAASIP,2,0
CAAFESOP + CAAGACTM + CAAMACT + CAANSR + CAAPSD + CAASIP,2,0
CAAFESOP + CAAGACTM + CAAMACT + CAASIP + CAATVP,2,0
CAAFESOP + CAAGACTM + CAANESH + CAANSPS + CAASIP + CAATVP,2,0
CAAFESOP + CAAGACTM + CAANSPS + CAANSR + CAAPSD + CAASIP,2,0
CAAFESOP + CAAGACTM + CAANSPS + CAANSR + CAASIP + CAATVP,2,0
CAAFESOP + CAAGACTM + CAAPSD + CAASIP,2,0
CAAFESOP + CAAGHG + CAAMACT + CAASIP + CAATVP,2,0
CAAFESOP + CAAGHG + CAASIP,2,0
CAAFESOP + CAAMACT + CAANSPS + CAANSR + CAAPSD + CAASIP + CAATVP,2,0
CAAFESOP + CAAMACT + CAANSPS + CAANSR + CAASIP + CAATVP,2,0
CAAFESOP + CAAMACT + CAANSPSM + CAANSR + CAASIP,2,0
CAAFESOP + CAAMACT + CAAOTH + CAASIP,2,0
CAAFESOP + CAAMACT + CAATVP,2,0
CAAFESOP + CAAMS + CAANSPS + CAANSR + CAASIP,2,0
CAAFESOP + CAANFRP + CAASIP,2,0
CAAFESOP + CAANSPS + CAANSPSM + CAAOTH,2,0
CAAFESOP + CAANSPS + CAANSPSM + CAAOTH + CAASIP,2,0
CAAFESOP + CAANSPS + CAANSPSM + CAASIP,2,0
CAAFESOP + CAARMP + CAASIP,2,0
CAAFIP + CAAGACTM + CAAMACT + CAANSPS + CAASIP + CAATVP,2,0
CAAFIP + CAAGACTM + CAANSPS + CAASIP + CAATVP,2,0
CAAFIP + CAANFRP + CAASIP,2,0
CAAFIP + CAANSPS + CAAPSD + CAASIP + CAATVP,2,0
CAAGACTM + CAAGHG + CAAMACT + CAANSPS + CAANSR + CAAPSD + CAASIP + CAATVP,2,0
CAAGACTM + CAAGHG + CAAMACT + CAANSPS + CAAPSD + CAASIP + CAATVP,2,0
CAAGACTM + CAAGHG + CAAMACT + CAANSPS + CAASIP,2,0
CAAGACTM + CAAGHG + CAANESH + CAANSPS + CAANSR + CAASIP + CAATVP,2,0
CAAGACTM + CAAMACT + CAANESH + CAANSPS + CAANSPSM + CAASIP + CAATVP,2,0
CAAGACTM + CAAMACT + CAANESH + CAANSPS + CAAPARGDC + CAAPSD + CAASIP + CAATVP,2,0
CAAGACTM + CAAMACT + CAANESH + CAAPSD + CAATVP,2,0
CAAGACTM + CAAMACT + CAANSPS + CAANSPSM + CAAOTH,2,0
CAAGACTM + CAAMACT + CAANSPS + CAANSPSM + CAAPSD + CAASIP,2,0
CAAGACTM + CAAMACT + CAANSPS + CAANSR + CAAPSD + CAASIP,2,0
CAAGACTM + CAAMACT + CAANSPS + CAASFP + CAASIP + CAATVP,2,0
CAAGACTM + CAANESH + CAANSPSM + CAASIP,2,0
CAAGACTM + CAANESH + CAANSR + CAASIP + CAATVP,2,0
CAAGACTM + CAANFRP + CAAOTH + CAASIP,2,0
CAAGACTM + CAANSPS + CAANSPSM + CAAPSD + CAASIP + CAATVP,2,0
CAAGACTM + CAANSPS + CAANSR,2,0
CAAGACTM + CAANSPS + CAANSR + CAAOTH + CAASIP,2,0
CAAGACTM + CAANSPS + CAANSR + CAATVP,2,0
CAAGACTM + CAANSPSM + CAASIP + CAATVP,2,0
CAAGACTM + CAAOTH,2,0
CAAGACTM + CAARMP + CAASIP,2,0
CAAGACTM + CAARMP + CAASIP + CAATVP,2,0
CAAGHG + CAAMACT + CAANESH + CAANSPS + CAASIP + CAATVP,2,0
CAAGHG + CAAMACT + CAANSPS + CAANSR + CAASFP + CAASIP + CAATVP,2,0
CAAHAPS,2,0
CAAMACT + CAANAM + CAANSPS + CAANSR + CAAPSD + CAASIP + CAATVP,2,0
CAAMACT + CAANAM + CAANSPS + CAAPSD + CAASIP + CAATVP,2,0
CAAMACT + CAANAM + CAAPSD + CAATVP,2,0
CAAMACT + CAANESH + CAANSPS,2,0
CAAMACT + CAANESH + CAANSPS + CAANSR + CAAPARGDC + CAASIP + CAATVP,2,0
CAAMACT + CAANESH + CAANSPS + CAANSR + CAASIP,2,0
CAAMACT + CAANESH + CAANSR + CAAPSD + CAASIP + CAATVP,2,0
CAAMACT + CAANFRP,2,0
CAAMACT + CAANFRP + CAANSPS + CAANSR + CAAPSD + CAASIP + CAATVP,2,0
CAAMACT + CAANFRP + CAANSPSM + CAAOTH + CAASIP,2,0
CAAMACT + CAANFRP + CAANSR + CAASIP,2,0
CAAMACT + CAANSPS + CAANSPSM + CAANSR + CAASIP,2,0
CAAMACT + CAANSPS + CAANSPSM + CAASFP + CAASIP + CAATVP,2,0
CAAMACT + CAANSPS + CAANSR + CAAPSD,2,0
CAAMACT + CAANSPS + CAANSR + CAAPSD + CAARMP + CAASIP + CAATVP,2,0
CAAMACT + CAANSPS + CAANSR + CAARMP + CAASIP,2,0
CAAMACT + CAANSPS + CAAOP + CAASFP + CAASIP + CAATVP,2,0
CAAMACT + CAANSPS + CAAPSD,2,0
CAAMACT + CAANSPSM + CAATVP,2,0
CAAMACT + CAAOTH + CAAPSD + CAASIP + CAATVP,2,0
CAAMACT + CAAOTH + CAASIP,2,0
CAAMACT + CAAPARGDC,2,0
CAAMACT + CAARMP + CAASIP + CAATVP,2,0
CAAMACT + CAASPP,2,0
CAANAAQS + CAANSPS + CAANSR + CAASIP,2,0
CAANAM + CAANSR,2,0
CAANAM + CAANSR + CAAPSD + CAASIP,2,0
CAANAM + CAAPSD + CAASIP,2,0
CAANAM + CAAPSD + CAASIP + CAATVP,2,0
CAANESH + CAANSPS + CAANSPSM + CAASIP + CAATVP,2,0
CAANESH + CAANSPS + CAANSR + CAATVP,2,0
CAANESH + CAANSPS + CAAOTH + CAASIP + CAATVP,2,0
CAANESH + CAANSPS + CAASFP + CAATVP,2,0
CAANESH + CAATVP,2,0
CAANFRP + CAANSPS,2,0
CAANFRP + CAANSPS + CAAPSD + CAASIP + CAATVP,2,0
CAANSPS + CAANSPSM + CAAPSD + CAASIP + CAATVP,2,0
CAANSPS + CAAOTH + CAAPSD + CAASIP + CAATVP,2,0
CAANSPS + CAASFP + CAASIP + CAATVP,2,0
CAANSPSM + CAANSR + CAASIP + CAATVP,2,0
CAANSPSM + CAARMP + CAASIP,2,0
CAANSPSM + CAATVP,2,0
CAANSR + CAAOTH + CAASIP,2,0
CAANSR + CAAPSD + CAATVP,2,0
CAASPP,2,0
CAAAR + CAACFC + CAAFIP + CAAGHG + CAAMACT + CAANSPS + CAANSR + CAAOTH + CAAPARGDC + CAAPSD + CAARMP + CAASIP + CAATVP,1,0
CAAAR + CAACFC + CAAGACTM + CAAMACT + CAANSPS + CAANSR + CAAOTH + CAASIP + CAATVP,1,0
CAAAR + CAACFC + CAAGACTM + CAAMACT + CAANSPS + CAAPARGDC + CAAPSD + CAASIP + CAATVP,1,0
CAAAR + CAACFC + CAAGACTM + CAAMACT + CAANSR + CAAPARGDC + CAASIP + CAATVP,1,0
CAAAR + CAACFC + CAAGACTM + CAAMACT + CAAPARGDC + CAASIP + CAATVP,1,0
CAAAR + CAACFC + CAAGACTM + CAANESH + CAANSPS + CAASIP + CAATVP,1,0
CAAAR + CAACFC + CAAGACTM + CAANSPS + CAANSR + CAAOTH + CAASIP + CAATVP,1,0
CAAAR + CAACFC + CAAGACTM + CAANSPS + CAANSR + CAAPARGDC + CAASIP + CAATVP,1,0
CAAAR + CAACFC + CAAGACTM + CAANSPS + CAANSR + CAAPSD + CAASIP,1,0
CAAAR + CAACFC + CAAGACTM + CAANSPS + CAANSR + CAAPSD + CAASIP + CAATVP,1,0
CAAAR + CAACFC + CAAGACTM + CAANSPS + CAAPARGDC + CAAPSD + CAASIP + CAATVP,1,0
CAAAR + CAACFC + CAAGACTM + CAANSR + CAAOTH + CAASIP + CAATVP,1,0
CAAAR + CAACFC + CAAGACTM + CAANSR + CAAPARGDC + CAASIP + CAATVP,1,0
CAAAR + CAACFC + CAAGHG + CAAMACT + CAANSPS + CAANSR + CAAPARGDC + CAAPSD + CAASIP + CAATVP,1,0
CAAAR + CAACFC + CAAGHG + CAAMACT + CAANSPS + CAAPSD + CAASIP + CAATVP,1,0
CAAAR + CAACFC + CAAGHG + CAAMACT + CAANSR + CAAPARGDC + CAASIP + CAATVP,1,0
CAAAR + CAACFC + CAAMACT + CAANESH + CAANSPS + CAANSR + CAASIP + CAATVP,1,0
CAAAR + CAACFC + CAAMACT + CAANESH + CAANSPS + CAAOTH + CAAPSD + CAASIP + CAATVP,1,0
CAAAR + CAACFC + CAAMACT + CAANSPS + CAAPARGDC + CAAPSD + CAASIP + CAATVP,1,0
CAAAR + CAACFC + CAAMACT + CAANSR + CAAPARGDC + CAASIP + CAATVP,1,0
CAAAR + CAACFC + CAAMACT + CAAPARGDC + CAASIP + CAATVP,1,0
CAAAR + CAACFC + CAAMACT + CAASIP + CAATVP,1,0
CAAAR + CAACFC + CAANESH + CAANSR + CAAPSD + CAASIP + CAATVP,1,0
CAAAR + CAACFC + CAANSPS + CAANSR + CAAOTH + CAASIP + CAATVP,1,0
CAAAR + CAACFC + CAANSPS + CAANSR + CAAPSD + CAASIP,1,0
CAAAR + CAACFC + CAANSPS + CAANSR + CAASIP + CAATVP,1,0
CAAAR + CAACFC + CAANSR + CAAOTH + CAAPSD,1,0
CAAAR + CAACFC + CAANSR + CAAPARGDC + CAASIP + CAATVP,1,0
CAAAR + CAAFENF + CAAGACTM + CAANSPS + CAAPSD + CAASIP + CAATVP,1,0
CAAAR + CAAFENF + CAAGACTM + CAANSPS + CAASIP + CAATVP,1,0
CAAAR + CAAFENF + CAAMACT + CAANESH + CAANSPS + CAAPSD + CAARMP + CAASIP + CAATVP,1,0
CAAAR + CAAFESOP + CAAGACTM + CAAMACT + CAANSPS + CAANSR + CAAPSD + CAASIP + CAATVP,1,0
CAAAR + CAAFESOP + CAAGACTM + CAANSPS + CAANSR + CAASIP,1,0
CAAAR + CAAFESOP + CAAMACT + CAANSPS + CAASIP + CAATVP,1,0
CAAAR + CAAGACTM + CAAGHG + CAAMACT + CAANSPS + CAANSR + CAAPSD + CAASIP + CAATVP,1,0
CAAAR + CAAGACTM + CAAGHG + CAAMACT + CAANSPS + CAAPSD + CAASIP + CAATVP,1,0
CAAAR + CAAGACTM + CAAGHG + CAANSPS + CAANSR + CAAPSD + CAASIP + CAATVP,1,0
CAAAR + CAAGACTM + CAAGHG + CAANSPS + CAANSR + CAAPSD + CAATVP,1,0
CAAAR + CAAGACTM + CAAMACT + CAANESH + CAANSPS + CAANSR + CAAOTH + CAAPSD + CAASIP + CAATVP,1,0
CAAAR + CAAGACTM + CAAMACT + CAANESH + CAANSPS + CAANSR + CAAPSD + CAASIP + CAATVP,1,0
CAAAR + CAAGACTM + CAAMACT + CAANESH + CAANSPS + CAAOTH + CAAPSD + CAASIP + CAATVP,1,0
CAAAR + CAAGACTM + CAAMACT + CAANSPS + CAANSPSM + CAASIP + CAATVP,1,0
CAAAR + CAAGACTM + CAAMACT + CAANSPS + CAAOTH + CAASIP + CAATVP,1,0
CAAAR + CAAGACTM + CAAMACT + CAANSPS + CAAPSD + CAASIP,1,0
CAAAR + CAAGACTM + CAANESH + CAANSPS + CAASIP + CAATVP,1,0
CAAAR + CAAGACTM + CAANSPS + CAANSPSM + CAASIP + CAATVP,1,0
CAAAR + CAAGACTM + CAANSPS + CAAPSD + CAATVP,1,0
CAAAR + CAAGACTM + CAAPSD + CAASIP + CAATVP,1,0
CAAAR + CAAGACTM + CAASIP + CAATVP,1,0
CAAAR + CAAGHG + CAAMACT + CAANESH + CAANSPS + CAASIP + CAATVP,1,0
CAAAR + CAAGHG + CAAMACT + CAANSPS + CAANSR + CAAPSD + CAASIP + CAATVP,1,0
CAAAR + CAAGHG + CAAMACT + CAASIP + CAATVP,1,0
CAAAR + CAAGHG + CAANSPS + CAANSR + CAAPSD + CAASIP + CAATVP,1,0
CAAAR + CAAGHG + CAANSPS + CAANSR + CAASIP + CAATVP,1,0
CAAAR + CAAGHG + CAANSPS + CAAPSD + CAASIP + CAATVP,1,0
CAAAR + CAAGHG + CAANSPSM + CAANSR + CAASIP + CAATVP,1,0
CAAAR + CAAMACT + CAANESH + CAANFRP + CAANSPS + CAANSR + CAAPSD + CAASIP + CAATVP,1,0
CAAAR + CAAMACT + CAANESH + CAANSPS + CAANSR + CAAOTH + CAAPARGDC + CAAPSD + CAASIP + CAATVP,1,0
CAAAR + CAAMACT + CAANESH + CAANSPS + CAASIP + CAATVP,1,0
CAAAR + CAAMACT + CAANESH + CAAPSD + CAASIP + CAATVP,1,0
CAAAR + CAAMACT + CAANSPS + CAANSPSM + CAANSR + CAASIP + CAATVP,1,0
CAAAR + CAAMACT + CAANSPS + CAANSR + CAAOTH + CAAPSD + CAASIP + CAATVP,1,0
CAAAR + CAAMACT + CAANSPS + CAANSR + CAAOTH + CAASIP + CAATVP,1,0
CAAAR + CAAMACT + CAANSPS + CAAPSD + CAARMP + CAASIP + CAATVP,1,0
CAAAR + CAAMACT + CAANSPS + CAAPSD + CAASIP,1,0
CAAAR + CAAMACT + CAANSPS + CAAPSD + CAATVP,1,0
CAAAR + CAAMACT + CAANSPS + CAARMP + CAASIP + CAATVP,1,0
CAAAR + CAAMACT + CAANSPS + CAATVP,1,0
CAAAR + CAAMACT + CAANSR + CAASIP + CAATVP,1,0
CAAAR + CAAMACT + CAAPSD,1,0
CAAAR + CAAMACT + CAASIP,1,0
CAAAR + CAANAM + CAANSPS + CAAPSD + CAASIP,1,0
CAAAR + CAANAM + CAANSPS + CAAPSD + CAATVP,1,0
CAAAR + CAANESH + CAANSPS + CAANSR + CAAPSD + CAASIP,1,0
CAAAR + CAANESH + CAANSPS + CAAPSD + CAASIP + CAATVP,1,0
CAAAR + CAANSPS,1,0
CAAAR + CAANSPS + CAANSPSM + CAANSR + CAASIP + CAATVP,1,0
CAAAR + CAANSPS + CAANSPSM + CAASIP + CAATVP,1,0
CAAAR + CAANSPS + CAANSR + CAATVP,1,0
CAAAR + CAANSPS + CAAOTH + CAASIP + CAATVP,1,0
CAAAR + CAANSPS + CAARMP + CAASIP + CAATVP,1,0
CAAAR + CAANSPSM + CAANSR + CAATVP,1,0
CAAAR + CAANSR + CAAPSD + CAASIP + CAATVP,1,0
CAAAR + CAAPSD,1,0
CAACFC + CAAFENF + CAAGACTM + CAAMACT + CAANSPS + CAANSR + CAAPSD + CAASIP + CAATVP,1,0
CAACFC + CAAFENF + CAAGACTM + CAANSPS + CAAOTH + CAAPSD + CAASIP + CAATVP,1,0
CAACFC + CAAFENF + CAAMACT + CAANESH + CAANSPS + CAANSR + CAAOTH + CAAPSD + CAASIP + CAATVP,1,0
CAACFC + CAAFENF + CAAMACT + CAANSPS + CAANSR + CAAOTH + CAASIP + CAATVP,1,0
CAACFC + CAAFENF + CAAMACT + CAANSR + CAAOTH + CAAPSD + CAASIP + CAATVP,1,0
CAACFC + CAAFENF + CAANAM + CAANESH + CAANSPS,1,0
CAACFC + CAAFENF + CAANSPS + CAANSR + CAAOTH + CAASIP + CAATVP,1,0
CAACFC + CAAFESOP + CAAFIP + CAAGACTM + CAAMACT + CAANESH + CAANSPS + CAANSPSM + CAANSR + CAAOTH + CAARMP + CAASFP + CAASIP + CAATVP,1,0
CAACFC + CAAFESOP + CAAGACTM + CAAMACT + CAANESH + CAANSPS + CAAPSD + CAASIP + CAATVP,1,0
CAACFC + CAAFESOP + CAAGACTM + CAAMACT + CAANSPS + CAANSR + CAAOTH + CAASIP + CAATVP,1,0
CAACFC + CAAFESOP + CAAGACTM + CAAMACT + CAANSPS + CAAPSD + CAASIP + CAATVP,1,0
CAACFC + CAAFESOP + CAAGACTM + CAAMACT + CAANSPS + CAASIP,1,0
CAACFC + CAAFESOP + CAAGACTM + CAAMACT + CAASIP,1,0
CAACFC + CAAFESOP + CAAGACTM + CAANESH + CAANSPS + CAASIP,1,0
CAACFC + CAAFESOP + CAAGACTM + CAANSR + CAASIP,1,0
CAACFC + CAAFESOP + CAAMACT + CAANAM + CAASIP,1,0
CAACFC + CAAFESOP + CAAMACT + CAANESH + CAANSPS + CAASIP,1,0
CAACFC + CAAFESOP + CAAMACT + CAANSPS + CAANSR + CAASIP + CAATVP,1,0
CAACFC + CAAFESOP + CAAMACT + CAANSPS + CAAPSD + CAATVP,1,0
CAACFC + CAAFESOP + CAAMACT + CAANSPS + CAASIP + CAATVP,1,0
CAACFC + CAAFESOP + CAAMACT + CAANSPS + CAATVP,1,0
CAACFC + CAAFESOP + CAAMACT + CAANSR + CAAPSD + CAASIP,1,0
CAACFC + CAAFESOP + CAAMACT + CAASIP,1,0
CAACFC + CAAFESOP + CAANAM + CAASIP,1,0
CAACFC + CAAFESOP + CAANSPS + CAANSR + CAASIP,1,0
CAACFC + CAAFESOP + CAANSPS + CAAPARGDC + CAASIP + CAATVP,1,0
CAACFC + CAAFESOP + CAANSR + CAAPSD + CAASIP,1,0
CAACFC + CAAFIP,1,0
CAACFC + CAAFIP + CAAMACT + CAANESH + CAANSPS + CAANSR + CAASIP + CAATVP,1,0
CAACFC + CAAFIP + CAASIP,1,0
CAACFC + CAAGACTM + CAAGHG + CAAMACT + CAANSPS + CAANSR + CAAPARGDC + CAAPSD + CAASIP + CAATVP,1,0
CAACFC + CAAGACTM + CAAGHG + CAAMACT + CAANSPS + CAANSR + CAAPARGDC + CAASIP,1,0
CAACFC + CAAGACTM + CAAGHG + CAAMACT + CAANSPS + CAANSR + CAAPSD + CAASIP + CAATVP,1,0
CAACFC + CAAGACTM + CAAGHG + CAAMACT + CAAPARGDC + CAAPSD + CAASIP + CAATVP,1,0
CAACFC + CAAGACTM + CAAGHG + CAANSPS + CAAPARGDC + CAASIP + CAATVP,1,0
CAACFC + CAAGACTM + CAAGHG + CAANSPS + CAASIP + CAATVP,1,0
CAACFC + CAAGACTM + CAAMACT + CAANESH + CAANFRP + CAANSPS + CAATVP,1,0
CAACFC + CAAGACTM + CAAMACT + CAANESH + CAANSPS,1,0
CAACFC + CAAGACTM + CAAMACT + CAANESH + CAANSPS + CAANSR + CAASIP + CAATVP,1,0
CAACFC + CAAGACTM + CAAMACT + CAANESH + CAASIP + CAATVP,1,0
CAACFC + CAAGACTM + CAAMACT + CAANFRP + CAANSPS + CAANSR + CAAPARGDC + CAAPSD + CAASIP + CAATVP,1,0
CAACFC + CAAGACTM + CAAMACT + CAANSPS + CAANSR + CAAOTH + CAAPSD + CAASIP + CAATVP,1,0
CAACFC + CAAGACTM + CAAMACT + CAANSPS + CAANSR + CAAPARGDC + CAASIP,1,0
CAACFC + CAAGACTM + CAAMACT + CAANSPS + CAANSR + CAAPSD + CAARMP + CAASIP,1,0
CAACFC + CAAGACTM + CAAMACT + CAANSPS + CAAOTH + CAASIP + CAATVP,1,0
CAACFC + CAAGACTM + CAAMACT + CAANSPS + CAAPARGDC + CAAPSD + CAASIP + CAATVP,1,0
CAACFC + CAAGACTM + CAAMACT + CAANSPS + CAAPARGDC + CAASIP,1,0
CAACFC + CAAGACTM + CAAMACT + CAANSPS + CAAPSD + CAASIP,1,0
CAACFC + CAAGACTM + CAAMACT + CAANSR + CAAPARGDC + CAAPSD + CAASIP + CAATVP,1,0
CAACFC + CAAGACTM + CAAMACT + CAANSR + CAAPARGDC + CAASIP + CAATVP,1,0
CAACFC + CAAGACTM + CAAMACT + CAANSR + CAAPSD + CAASIP + CAATVP,1,0
CAACFC + CAAGACTM + CAAMACT + CAASIP,1,0
CAACFC + CAAGACTM + CAAMACT + CAASIP + CAATVP,1,0
CAACFC + CAAGACTM + CAANESH + CAANSPS + CAAOTH + CAASIP + CAATVP,1,0
CAACFC + CAAGACTM + CAANESH + CAANSPS + CAAPARGDC + CAASIP + CAATVP,1,0
CAACFC + CAAGACTM + CAANESH + CAASIP,1,0
CAACFC + CAAGACTM + CAANFRP + CAANSPS + CAANSR + CAAPARGDC + CAASIP + CAATVP,1,0
CAACFC + CAAGACTM + CAANSPS,1,0
CAACFC + CAAGACTM + CAANSPS + CAANSR + CAAPARGDC + CAAPSD + CAASIP + CAATVP,1,0
CAACFC + CAAGACTM + CAANSPS + CAANSR + CAASIP,1,0
CAACFC + CAAGACTM + CAANSPS + CAAPARGDC + CAAPSD + CAASIP,1,0
CAACFC + CAAGACTM + CAANSPS + CAAPARGDC + CAASIP,1,0
CAACFC + CAAGACTM + CAANSPS + CAAPSD + CAASIP,1,0
CAACFC + CAAGACTM + CAANSR + CAAPSD + CAASIP,1,0
CAACFC + CAAGACTM + CAANSR + CAASIP + CAATVP,1,0
CAACFC + CAAGACTM + CAAOTH + CAASIP + CAATVP,1,0
CAACFC + CAAGACTM + CAAPARGDC + CAAPSD + CAASIP + CAATVP,1,0
CAACFC + CAAGACTM + CAAPSD + CAASIP,1,0
CAACFC + CAAGACTM + CAAPSD + CAASIP + CAATVP,1,0
CAACFC + CAAGACTM + CAASIP + CAATVP,1,0
CAACFC + CAAGACTM + CAATVP,1,0
CAACFC + CAAGHG + CAAMACT + CAANESH + CAANSPS + CAANSR + CAAPARGDC + CAASIP + CAATVP,1,0
CAACFC + CAAGHG + CAAMACT + CAANESH + CAANSPS + CAAPARGDC + CAAPSD + CAASIP,1,0
CAACFC + CAAGHG + CAAMACT + CAANFRP + CAANSPS + CAAPSD + CAASIP + CAATVP,1,0
CAACFC + CAAGHG + CAAMACT + CAANSPS + CAANSR + CAAPARGDC + CAAPSD + CAASIP + CAATVP,1,0
CAACFC + CAAGHG + CAAMACT + CAANSPS + CAANSR + CAASIP + CAATVP,1,0
CAACFC + CAAGHG + CAAMACT + CAANSPS + CAAPARGDC + CAASIP + CAATVP,1,0
CAACFC + CAAGHG + CAAMACT + CAANSPS + CAAPSD + CAASIP + CAATVP,1,0
CAACFC + CAAGHG + CAAMACT + CAAPARGDC + CAAPSD + CAASIP + CAATVP,1,0
CAACFC + CAAGHG + CAANESH + CAANSPS + CAASIP,1,0
CAACFC + CAAGHG + CAANESH + CAASIP,1,0
CAACFC + CAAGHG + CAANSPS + CAANSR + CAAPARGDC + CAASIP + CAATVP,1,0
CAACFC + CAAGHG + CAANSPS + CAASIP,1,0
CAACFC + CAAMACT + CAANAM + CAANESH + CAANSPS + CAATVP,1,0
CAACFC + CAAMACT + CAANAM + CAANSPS + CAATVP,1,0
CAACFC + CAAMACT + CAANESH + CAANSPS + CAANSR + CAAOTH + CAAPSD + CAASIP + CAATVP,1,0
CAACFC + CAAMACT + CAANESH + CAANSPS + CAANSR + CAAPARGDC + CAAPSD + CAARMP + CAASIP + CAATVP,1,0
CAACFC + CAAMACT + CAANESH + CAANSPS + CAAPARGDC + CAAPSD + CAARMP + CAASIP + CAATVP,1,0
CAACFC + CAAMACT + CAANESH + CAANSPS + CAAPARGDC + CAAPSD + CAASIP + CAATVP,1,0
CAACFC + CAAMACT + CAANESH + CAANSPS + CAAPSD + CAARMP + CAASIP + CAATVP,1,0
CAACFC + CAAMACT + CAANESH + CAANSPS + CAATVP,1,0
CAACFC + CAAMACT + CAANESH + CAANSR + CAAPARGDC + CAAPSD + CAASIP + CAATVP,1,0
CAACFC + CAAMACT + CAANESH + CAASIP,1,0
CAACFC + CAAMACT + CAANFRP + CAANSPS + CAASIP + CAATVP,1,0
CAACFC + CAAMACT + CAANSPS + CAANSPSM + CAASIP + CAATVP,1,0
CAACFC + CAAMACT + CAANSPS + CAANSR + CAAOTH + CAASIP + CAATVP,1,0
CAACFC + CAAMACT + CAANSPS + CAANSR + CAAPARGDC + CAASIP,1,0
CAACFC + CAAMACT + CAANSPS + CAANSR + CAASIP,1,0
CAACFC + CAAMACT + CAANSPS + CAAPARGDC + CAASIP,1,0
CAACFC + CAAMACT + CAANSPS + CAAPSD + CAASIP,1,0
CAACFC + CAAMACT + CAANSPSM + CAASIP,1,0
CAACFC + CAAMACT + CAANSR + CAAPARGDC + CAAPSD + CAASIP + CAATVP,1,0
CAACFC + CAAMACT + CAANSR + CAAPSD + CAASIP + CAATVP,1,0
CAACFC + CAAMACT + CAANSR + CAASIP,1,0
CAACFC + CAAMACT + CAAOTH + CAASIP + CAATVP,1,0
CAACFC + CAAMACT + CAAPSD,1,0
CAACFC + CAAMACT + CAAPSD + CAATVP,1,0
CAACFC + CAAMS,1,0
CAACFC + CAANAM + CAANSPS,1,0
CAACFC + CAANAM + CAANSPS + CAANSR + CAATVP,1,0
CAACFC + CAANESH + CAANSPS + CAANSR + CAAPARGDC + CAASIP + CAATVP,1,0
CAACFC + CAANESH + CAANSPS + CAAPARGDC + CAAPSD + CAASIP + CAATVP,1,0
CAACFC + CAANESH + CAANSR + CAAPSD + CAASIP,1,0
CAACFC + CAANESH + CAAPSD + CAASIP + CAATVP,1,0
CAACFC + CAANFRP + CAASIP,1,0
CAACFC + CAANSPS + CAANSPSM + CAAPSD + CAASIP + CAATVP,1,0
CAACFC + CAANSPS + CAANSPSM + CAASIP + CAATVP,1,0
CAACFC + CAANSPS + CAANSR + CAAPARGDC + CAASIP + CAATVP,1,0
CAACFC + CAANSPS + CAAOTH + CAASFP + CAASIP + CAATVP,1,0
CAACFC + CAANSPS + CAAOTH + CAASIP + CAATVP,1,0
CAACFC + CAANSPS + CAATVP,1,0
CAACFC + CAANSR,1,0
CAACFC + CAANSR + CAAPSD + CAASIP,1,0
CAACFC + CAAPSD + CAARMP + CAASIP + CAATVP,1,0
CAAFENF + CAAFESOP + CAAMACT + CAANSPS + CAAPSD + CAASIP,1,0
CAAFENF + CAAFESOP + CAAMACT + CAANSPS + CAAPSD + CAASIP + CAATVP,1,0
CAAFENF + CAAGACTM + CAAMACT + CAANESH + CAANSPS + CAAPSD + CAASIP + CAATVP,1,0
CAAFENF + CAAGACTM + CAAMACT + CAANESH + CAANSPS + CAASIP + CAATVP,1,0
CAAFENF + CAAGACTM + CAANSPS + CAAPSD + CAARMP + CAASIP + CAATVP,1,0
CAAFENF + CAAGACTM + CAANSPS + CAASIP,1,0
CAAFENF + CAAGACTM + CAASIP,1,0
CAAFENF + CAAGHG + CAAMACT + CAANSPS + CAAPSD + CAASIP + CAATVP,1,0
CAAFENF + CAAMACT + CAANESH + CAANSPS + CAAOTH + CAARMP + CAASIP + CAATVP,1,0
CAAFENF + CAAMACT + CAANESH + CAANSPS + CAAOTH + CAASIP + CAATVP,1,0
CAAFENF + CAAMACT + CAANSPS,1,0
CAAFENF + CAAMACT + CAANSPS + CAAOTH + CAAPSD + CAASIP + CAATVP,1,0
CAAFENF + CAAMACT + CAANSPS + CAAPSD + CAATVP,1,0
CAAFENF + CAAMACT + CAASIP,1,0
CAAFENF + CAANAM,1,0
CAAFENF + CAANSPS + CAARMP + CAATVP,1,0
CAAFENF + CAANSPS + CAASIP + CAATVP,1,0
CAAFENF + CAANSPSM + CAASIP,1,0
CAAFENF + CAAPSD + CAASIP,1,0
CAAFESOP + CAAFIP + CAAGACTM + CAANSR + CAASIP,1,0
CAAFESOP + CAAGACTM + CAAGHG + CAAMACT + CAANSR + CAASIP + CAATVP,1,0
CAAFESOP + CAAGACTM + CAAMACT + CAANESH,1,0
CAAFESOP + CAAGACTM + CAAMACT + CAANESH + CAANSPS + CAANSPSM + CAASIP,1,0
CAAFESOP + CAAGACTM + CAAMACT + CAANESH + CAANSPS + CAANSR + CAASIP,1,0
CAAFESOP + CAAGACTM + CAAMACT + CAANESH + CAANSPS + CAASIP + CAATVP,1,0
CAAFESOP + CAAGACTM + CAAMACT + CAANESH + CAASIP,1,0
CAAFESOP + CAAGACTM + CAAMACT + CAANSPS + CAANSPSM + CAAOTH + CAASIP,1,0
CAAFESOP + CAAGACTM + CAAMACT + CAANSPS + CAAOTH,1,0
CAAFESOP + CAAGACTM + CAAMACT + CAANSR,1,0
CAAFESOP + CAAGACTM + CAAMACT + CAANSR + CAAOTH + CAASIP,1,0
CAAFESOP + CAAGACTM + CAAMACT + CAANSR + CAAPSD + CAASIP + CAATVP,1,0
CAAFESOP + CAAGACTM + CAAMACT + CAAPSD + CAASIP,1,0
CAAFESOP + CAAGACTM + CAAMACT + CAAPSD + CAASIP + CAATVP,1,0
CAAFESOP + CAAGACTM + CAAMS + CAANSPS + CAANSR + CAAOTH + CAASIP,1,0
CAAFESOP + CAAGACTM + CAANESH + CAANSPS + CAANSPSM + CAASIP,1,0
CAAFESOP + CAAGACTM + CAANESH + CAANSPS + CAANSR + CAASIP + CAATVP,1,0
CAAFESOP + CAAGACTM + CAANESH + CAANSPSM + CAASIP,1,0
CAAFESOP + CAAGACTM + CAANFRP,1,0
CAAFESOP + CAAGACTM + CAANSPS + CAANSPSM + CAAOTH,1,0
CAAFESOP + CAAGACTM + CAANSPS + CAANSPSM + CAAOTH + CAASIP,1,0
CAAFESOP + CAAGACTM + CAANSPS + CAANSR + CAAOTH,1,0
CAAFESOP + CAAGACTM + CAANSPS + CAAOTH + CAARMP + CAASIP,1,0
CAAFESOP + CAAGACTM + CAANSPS + CAAOTH + CAASIP + CAATVP,1,0
CAAFESOP + CAAGACTM + CAANSPS + CAAPSD,1,0
CAAFESOP + CAAGACTM + CAANSPS + CAAPSD + CAASIP + CAATVP,1,0
CAAFESOP + CAAGACTM + CAANSPSM + CAANSR,1,0
CAAFESOP + CAAGACTM + CAANSPSM + CAASFP + CAASIP,1,0
CAAFESOP + CAAGACTM + CAANSR,1,0
CAAFESOP + CAAGACTM + CAANSR + CAAOTH + CAASIP,1,0
CAAFESOP + CAAGACTM + CAASFP + CAASIP,1,0
CAAFESOP + CAAGHG,1,0
CAAFESOP + CAAGHG + CAAMACT + CAANSPS + CAASIP + CAATVP,1,0
CAAFESOP + CAAGHG + CAANSPS + CAANSPSM + CAANSR + CAAOTH + CAATVP,1,0
CAAFESOP + CAAGHG + CAANSPS + CAANSR + CAASIP,1,0
CAAFESOP + CAAGHG + CAANSPS + CAASIP,1,0
CAAFESOP + CAAGHG + CAANSPS + CAASIP + CAATVP,1,0
CAAFESOP + CAAIRM + CAASIP,1,0
CAAFESOP + CAAMACT + CAAMRR + CAANSPS + CAASIP,1,0
CAAFESOP + CAAMACT + CAANESH + CAANSPS + CAAPSD + CAATVP,1,0
CAAFESOP + CAAMACT + CAANESH + CAANSPS + CAASIP + CAATVP,1,0
CAAFESOP + CAAMACT + CAANESH + CAANSPS + CAATVP,1,0
CAAFESOP + CAAMACT + CAANESH + CAANSPSM + CAASIP,1,0
CAAFESOP + CAAMACT + CAANESH + CAANSR + CAASIP,1,0
CAAFESOP + CAAMACT + CAANESH + CAAPSD,1,0
CAAFESOP + CAAMACT + CAANSPS + CAANSPSM + CAANSR + CAASIP,1,0
CAAFESOP + CAAMACT + CAANSPS + CAANSPSM + CAASIP,1,0
CAAFESOP + CAAMACT + CAANSPS + CAANSR,1,0
CAAFESOP + CAAMACT + CAANSPS + CAAOTH + CAARMP + CAASIP,1,0
CAAFESOP + CAAMACT + CAANSPS + CAAOTH + CAASIP,1,0
CAAFESOP + CAAMACT + CAANSPS + CAAOTH + CAASIP + CAATVP,1,0
CAAFESOP + CAAMACT + CAANSPS + CAAPSD,1,0
CAAFESOP + CAAMACT + CAANSPS + CAAPSD + CAASIP,1,0
CAAFESOP + CAAMACT + CAANSPS + CAATVP,1,0
CAAFESOP + CAAMACT + CAANSPSM,1,0
CAAFESOP + CAAMACT + CAANSR + CAAPSD + CAASIP + CAATVP,1,0
CAAFESOP + CAAMACT + CAAPSD,1,0
CAAFESOP + CAAMACT + CAAPSD + CAASIP,1,0
CAAFESOP + CAAMACT + CAARMP + CAASIP,1,0
CAAFESOP + CAAMS + CAANSR + CAAOTH + CAASIP,1,0
CAAFESOP + CAANAM,1,0
CAAFESOP + CAANAM + CAASIP,1,0
CAAFESOP + CAANESH + CAANFRP + CAANSPS + CAASIP,1,0
CAAFESOP + CAANESH + CAANSPS,1,0
CAAFESOP + CAANESH + CAANSPS + CAAPSD + CAASIP,1,0
CAAFESOP + CAANESH + CAANSR,1,0
CAAFESOP + CAANFRP + CAANSPS + CAANSPSM + CAASIP,1,0
CAAFESOP + CAANFRP + CAANSPS + CAASIP + CAATVP,1,0
CAAFESOP + CAANFRP + CAANSR + CAASIP,1,0
CAAFESOP + CAANSPS + CAANSPSM + CAANSR + CAAOTH,1,0
CAAFESOP + CAANSPS + CAAOTH,1,0
CAAFESOP + CAANSPS + CAAPSD + CAASIP + CAATVP,1,0
CAAFESOP + CAANSPS + CAARMP + CAASIP,1,0
CAAFESOP + CAANSPSM + CAANSR,1,0
CAAFESOP + CAANSPSM + CAANSR + CAASIP,1,0
CAAFESOP + CAANSPSM + CAAOTH,1,0
CAAFESOP + CAANSR + CAAPSD + CAATVP,1,0
CAAFESOP + CAANSR + CAATVP,1,0
CAAFIP + CAAGACTM + CAAMACT + CAANSPS + CAANSR + CAASIP + CAATVP,1,0
CAAFIP + CAAGACTM + CAAMACT + CAANSPS + CAAPSD + CAASIP + CAATVP,1,0
CAAFIP + CAAGACTM + CAAMACT + CAASIP + CAATVP,1,0
CAAFIP + CAAGACTM + CAANESH + CAANSPS + CAASIP + CAATVP,1,0
CAAFIP + CAAGACTM + CAASIP,1,0
CAAFIP + CAAGACTM + CAASIP + CAATVP,1,0
CAAFIP + CAAGHG + CAAMACT + CAANSPS + CAAPSD + CAATVP,1,0
CAAFIP + CAAGHG + CAAMACT + CAANSPS + CAASIP + CAATVP,1,0
CAAFIP + CAAGHG + CAANSPS + CAASIP,1,0
CAAFIP + CAAMACT + CAANAM + CAANSPS + CAAPSD,1,0
CAAFIP + CAAMACT + CAANESH + CAANSPS + CAANSPSM + CAASFP + CAASIP + CAATVP,1,0
CAAFIP + CAAMACT + CAANESH + CAASIP + CAATVP,1,0
CAAFIP + CAAMACT + CAANSPS + CAANSR,1,0
CAAFIP + CAAMACT + CAANSPS + CAANSR + CAASIP + CAATVP,1,0
CAAFIP + CAAMACT + CAANSPS + CAAPSD + CAASIP + CAATVP,1,0
CAAFIP + CAAMACT + CAANSR + CAAPSD + CAASIP + CAATVP,1,0
CAAFIP + CAANAM + CAANESH + CAANSPS + CAANSR + CAASIP,1,0
CAAFIP + CAANAM + CAAPSD,1,0
CAAFIP + CAANAM + CAASIP + CAATVP,1,0
CAAFIP + CAANSPS,1,0
CAAFIP + CAANSPS + CAANSR + CAASIP + CAATVP,1,0
CAAFIP + CAANSPS + CAAPSD + CAASFP + CAASIP + CAATVP,1,0
CAAFIP + CAANSR + CAASIP + CAATVP,1,0
CAAFIP + CAATVP,1,0
CAAGACTM + CAAGHG + CAAMACT + CAANESH + CAANSPS + CAANSR + CAAPSD + CAASIP + CAATVP,1,0
CAAGACTM + CAAGHG + CAAMACT + CAANSPS + CAANSR + CAASIP + CAATVP,1,0
CAAGACTM + CAAGHG + CAAMACT + CAASIP,1,0
CAAGACTM + CAAGHG + CAANSPS + CAANSR + CAASIP + CAATVP,1,0
CAAGACTM + CAAGHG + CAASIP + CAATVP,1,0
CAAGACTM + CAAMACT + CAAMRR + CAANSPS + CAASIP,1,0
CAAGACTM + CAAMACT + CAANAM,1,0
CAAGACTM + CAAMACT + CAANESH + CAANSPS + CAANSR + CAAPSD + CAARMP + CAASIP + CAATVP,1,0
CAAGACTM + CAAMACT + CAANESH + CAANSR + CAAPSD + CAASIP + CAATVP,1,0
CAAGACTM + CAAMACT + CAANESH + CAANSR + CAASIP + CAATVP,1,0
CAAGACTM + CAAMACT + CAANESH + CAAOTH + CAATVP,1,0
CAAGACTM + CAAMACT + CAANESH + CAASFP + CAASIP + CAATVP,1,0
CAAGACTM + CAAMACT + CAANFRP + CAANSPS + CAANSR + CAASIP,1,0
CAAGACTM + CAAMACT + CAANSPS + CAANSPSM + CAANSR + CAASIP + CAATVP,1,0
CAAGACTM + CAAMACT + CAANSPS + CAANSPSM + CAAPSD + CAASIP + CAATVP,1,0
CAAGACTM + CAAMACT + CAANSPS + CAANSPSM + CAARMP + CAASIP,1,0
CAAGACTM + CAAMACT + CAANSPS + CAAOTH,1,0
CAAGACTM + CAAMACT + CAANSPS + CAAPARGDC + CAASIP,1,0
CAAGACTM + CAAMACT + CAANSPS + CAAPSD + CAATVP,1,0
CAAGACTM + CAAMACT + CAANSPS + CAASFP + CAASIP,1,0
CAAGACTM + CAAMACT + CAANSPSM + CAANSR + CAASIP,1,0
CAAGACTM + CAAMACT + CAANSPSM + CAASIP + CAATVP,1,0
CAAGACTM + CAAMACT + CAANSR,1,0
CAAGACTM + CAAMACT + CAAOTH,1,0
CAAGACTM + CAAMACT + CAAOTH + CAASIP + CAATVP,1,0
CAAGACTM + CAAMACT + CAAPSD + CAARMP + CAASIP + CAATVP,1,0
CAAGACTM + CAAMACT + CAARMP + CAASIP,1,0
CAAGACTM + CAAMACT + CAATVP,1,0
CAAGACTM + CAANESH + CAANSPS + CAANSPSM + CAASIP + CAATVP,1,0
CAAGACTM + CAANESH + CAANSPS + CAANSR + CAAPSD + CAATVP,1,0
CAAGACTM + CAANESH + CAANSPS + CAAPSD,1,0
CAAGACTM + CAANESH + CAANSPS + CAAPSD + CAASIP,1,0
CAAGACTM + CAANESH + CAANSPSM,1,0
CAAGACTM + CAANESH + CAANSPSM + CAAPSD + CAASIP + CAATVP,1,0
CAAGACTM + CAANESH + CAANSR + CAAPSD + CAASIP + CAATVP,1,0
CAAGACTM + CAANESH + CAAOTH + CAASIP + CAATVP,1,0
CAAGACTM + CAANESH + CAAPSD + CAASIP,1,0
CAAGACTM + CAANFRP,1,0
CAAGACTM + CAANFRP + CAANSPSM + CAASIP,1,0
CAAGACTM + CAANFRP + CAAOTH,1,0
CAAGACTM + CAANSPS + CAAOTH + CAARMP + CAASIP + CAATVP,1,0
CAAGACTM + CAANSPS + CAASIP + CAASPP,1,0
CAAGACTM + CAANSPSM + CAANSR,1,0
CAAGACTM + CAANSPSM + CAAPSD + CAASIP + CAATVP,1,0
CAAGACTM + CAANSPSM + CAARMP + CAASIP,1,0
CAAGACTM + CAANSPSM + CAATVP,1,0
CAAGACTM + CAANSR + CAAOTH + CAASIP,1,0
CAAGACTM + CAAOTH + CAAPSD + CAASIP + CAATVP,1,0
CAAGACTM + CAAOTH + CAARMP + CAASIP + CAATVP,1,0
CAAGACTM + CAAPSD + CAASIP,1,0
CAAGACTM + CAAPSD + CAATVP,1,0
CAAGACTM + CAASFP + CAATVP,1,0
CAAGHG + CAAMACT + CAANFRP + CAANSPS + CAAPSD + CAASIP + CAATVP,1,0
CAAGHG + CAAMACT + CAANSPS + CAANSR + CAAPSD + CAASIP,1,0
CAAGHG + CAAMACT + CAANSPS + CAANSR + CAASIP,1,0
CAAGHG + CAAMACT + CAANSPS + CAATVP,1,0
CAAGHG + CAAMACT + CAANSR + CAAPSD + CAASIP + CAATVP,1,0
CAAGHG + CAANFRP + CAANSPS + CAAPSD + CAASIP + CAATVP,1,0
CAAGHG + CAANFRP + CAANSPS + CAASIP + CAATVP,1,0
CAAGHG + CAASIP + CAATVP,1,0
CAAMACT + CAAMRR + CAANESH + CAANSPS + CAASIP + CAATVP,1,0
CAAMACT + CAAMRR + CAANSPS + CAAPSD + CAASIP + CAATVP,1,0
CAAMACT + CAANAAQS + CAANSPS + CAASIP,1,0
CAAMACT + CAANAM + CAANFRP + CAANSPS + CAASIP,1,0
CAAMACT + CAANAM + CAANSPS + CAAPSD + CAATVP,1,0
CAAMACT + CAANAM + CAASIP,1,0
CAAMACT + CAANAM + CAASIP + CAATVP,1,0
CAAMACT + CAANESH + CAANFRP + CAANSPS + CAANSR + CAASIP,1,0
CAAMACT + CAANESH + CAANFRP + CAANSPS + CAAPSD + CAASIP + CAATVP,1,0
CAAMACT + CAANESH + CAANFRP + CAANSPS + CAASIP,1,0
CAAMACT + CAANESH + CAANSPS + CAANSR + CAARMP + CAASIP,1,0
CAAMACT + CAANESH + CAANSPS + CAANSR + CAARMP + CAASIP + CAATVP,1,0
CAAMACT + CAANESH + CAANSPS + CAANSR + CAASFP + CAASIP + CAATVP,1,0
CAAMACT + CAANESH + CAANSPS + CAANSR + CAATVP,1,0
CAAMACT + CAANESH + CAANSPS + CAAOTH + CAAPSD + CAARMP + CAASIP + CAATVP,1,0
CAAMACT + CAANESH + CAANSPS + CAAOTH + CAAPSD + CAASIP + CAATVP,1,0
CAAMACT + CAANESH + CAANSPS + CAAOTH + CAATVP,1,0
CAAMACT + CAANESH + CAANSPS + CAAPARGDC + CAAPSD + CAARMP + CAASIP + CAATVP,1,0
CAAMACT + CAANESH + CAANSPS + CAAPARGDC + CAATVP,1,0
CAAMACT + CAANESH + CAANSPS + CAAPSD + CAARMP + CAASIP,1,0
CAAMACT + CAANESH + CAANSPS + CAASFP + CAATVP,1,0
CAAMACT + CAANESH + CAANSR + CAASIP,1,0
CAAMACT + CAANFRP + CAANSPS + CAANSR + CAAPSD + CAASIP,1,0
CAAMACT + CAANFRP + CAANSPS + CAAPSD + CAASIP + CAATVP,1,0
CAAMACT + CAANFRP + CAANSPSM + CAANSR + CAAOTH + CAASIP,1,0
CAAMACT + CAANFRP + CAANSR + CAAOTH,1,0
CAAMACT + CAANFRP + CAANSR + CAAPSD + CAASIP,1,0
CAAMACT + CAANFRP + CAAPSD + CAASIP + CAATVP,1,0
CAAMACT + CAANFRP + CAATVP,1,0
CAAMACT + CAANSPS + CAANSPSM + CAANSR + CAAPSD + CAASIP + CAATVP,1,0
CAAMACT + CAANSPS + CAANSPSM + CAANSR + CAASIP + CAATVP,1,0
CAAMACT + CAANSPS + CAANSR + CAAOTH + CAAPSD + CAASIP + CAATVP,1,0
CAAMACT + CAANSPS + CAANSR + CAAPARGDC + CAAPSD + CAASIP + CAATVP,1,0
CAAMACT + CAANSPS + CAANSR + CAAPARGDC + CAASIP + CAATVP,1,0
CAAMACT + CAANSPS + CAANSR + CAAPSDPR + CAATVP,1,0
CAAMACT + CAANSPS + CAANSR + CAARMP + CAASIP + CAATVP,1,0
CAAMACT + CAANSPS + CAAOTH + CAAPSD + CAASIP,1,0
CAAMACT + CAANSPS + CAAOTH + CAATVP,1,0
CAAMACT + CAANSPS + CAAPSD + CAARMP + CAASIP,1,0
CAAMACT + CAANSPS + CAAPSD + CAASFP + CAASIP + CAATVP,1,0
CAAMACT + CAANSPS + CAASFP + CAASIP,1,0
CAAMACT + CAANSPS + CAASFP + CAATVP,1,0
CAAMACT + CAANSPS + CAASIP + CAASPP,1,0
CAAMACT + CAANSPS + CAASPP,1,0
CAAMACT + CAANSPSM + CAANSR + CAATVP,1,0
CAAMACT + CAANSPSM + CAAPSD + CAASIP + CAATVP,1,0
CAAMACT + CAANSR + CAAPARGDC + CAASIP,1,0
CAAMACT + CAANSR + CAAPSD + CAARMP + CAASIP,1,0
CAAMACT + CAAOTH,1,0
CAAMACT + CAAPARGDC + CAATVP,1,0
CAAMACT + CAARMP,1,0
CAAMACT + CAASFP + CAASIP + CAATVP,1,0
CAAMS + CAAOTH,1,0
CAANAAQS + CAANSPSM + CAANSR,1,0
CAANAAQS + CAANSPSM + CAANSR + CAASIP,1,0
CAANAM + CAANESH + CAANSPS + CAASIP,1,0
CAANAM + CAANSPS + CAAPSD + CAASIP,1,0
CAANAM + CAANSPS + CAAPSD + CAASIP + CAATVP,1,0
CAANAM + CAANSPS + CAAPSD + CAATVP,1,0
CAANAM + CAANSPSM,1,0
CAANAM + CAANSR + CAAPSD + CAASIP + CAATVP,1,0
CAANESH + CAANFRP + CAANSPS + CAAPSD + CAASFP + CAASIP,1,0
CAANESH + CAANSPS + CAANSR,1,0
CAANESH + CAANSPS + CAANSR + CAAPSD + CAASIP + CAATVP,1,0
CAANESH + CAANSPS + CAARMP + CAASIP + CAATVP,1,0
CAANESH + CAANSPS + CAASFP + CAASIP + CAATVP,1,0
CAANESH + CAANSPSM + CAASIP,1,0
CAANESH + CAANSR + CAASIP + CAATVP,1,0
CAANESH + CAAPSD + CAASIP,1,0
CAANESH + CAASFP + CAASIP + CAATVP,1,0
CAANFRP + CAANSPS + CAANSPSM + CAANSR + CAAOTH + CAASIP,1,0
CAANFRP + CAANSPS + CAASIP + CAATVP,1,0
CAANFRP + CAANSR + CAAPSD,1,0
CAANFRP + CAANSR + CAASIP + CAATVP,1,0
CAANFRP + CAASIP + CAATVP,1,0
CAANSPS + CAANSPSM + CAANSR + CAAPSD + CAASIP + CAATVP,1,0
CAANSPS + CAANSPSM + CAAOTH + CAASIP,1,0
CAANSPS + CAANSPSM + CAAPSD + CAASIP,1,0
CAANSPS + CAANSPSM + CAATVP,1,0
CAANSPS + CAANSR + CAAOTH,1,0
CAANSPS + CAANSR + CAAOTH + CAASFP + CAASIP + CAATVP,1,0
CAANSPS + CAANSR + CAAPARGDC + CAASIP,1,0
CAANSPS + CAAPARGDC,1,0
CAANSPS + CAARMP + CAASIP + CAATVP,1,0
CAANSPSM + CAAOTH,1,0
CAANSPSM + CAAPSD + CAASIP,1,0
CAANSPSM + CAASIP + CAATVP,1,0
CAANSPSM + CAATIP,1,0
CAANSR + CAAOTH,1,0
CAANSR + CAAOTH + CAASIP + CAATVP,1,0
CAANSR + CAAPARGDC + CAAPSD,1,0
CAANSR + CAAPARGDC + CAASIP,1,0
CAANSR + CAATIP,1,0
CAAOP + CAAPSD + CAATVP,1,0
CAAOP + CAASIP,1,0
CAAPARGDC + CAAPSD,1,0
CAAPARGDC + CAASIP + CAATVP,1,0
CAASIP + CAASIP,1,0
CAATIP + CAATVP,1,0
