AIR_PROGRAM_SUBPART_CODE,AIR_PROGRAM_SUBPART_DESC,n_records
CAAMACTZZZZ,MACT Part 63 - Subpart ZZZZ - STATIONARY RECIPROCATING INTERNAL COMBUSTION ENGINES (RICE),28012
CAANSPSJJJJ,NSPS Part 60 - Subpart JJJJ - STATIONARY SPARK IGNITION INTERNAL COMBUSTION ENGINES,18199
CAANSPSIIII,NSPS Part 60 - Subpart IIII - STATIONARY COMPRESSION IGNITION INTERNAL COMBUSTION ENGINES,12460
CAAMACTM,MACT Part 63 - Subpart M - DRY CLEANERS PERCHLOROETHYLENE,8772
CAANSPSA,NSPS Part 60 - Subpart A - GENERAL PROVISIONS,7744
CAANSPSDPC,NSPS Part 60 - Subpart Dc - SMALL INDUS-COMMER-INSTITUTL STEAM GENERATING UNITS,6967
CAANSPSOOO,NSPS Part 60 - Subpart OOO - NONMETALLIC MINERAL PROCESSING PLANTS,6806
CAAGACTMZZZZ,40 CFR Part 63 Area Sources - Subpart ZZZZ - STATIONARY RECIPROCATING INTERNAL COMBUSTION ENGINES (RICE),6406
CAANSPSOOOO,NSPS Part 60 - Subpart OOOO - CRUDE OIL/NATURAL GAS PRODUCTION/TRANSMISSION & DISTRIBUTION,5258
CAAMACTA,MACT Part 63 - Subpart A - GENERAL PROVISIONS,5066
CAANSPSOOOOPA,NSPS Part 60 - Subpart OOOOa - CRUDE OIL/NATURAL GAS PRODUCTION/TRANSMISSION & DISTRIBUTION (post 9/18/15),4835
CAAMACTHH,MACT Part 63 - Subpart HH - OIL AND NATURAL GAS PRODUCTION FACILITIES,3936
CAANSPSKPB,"NSPS Part 60 - Subpart Kb - VOLATILE LIQUID STORAGE VESSEL CONSTRUCT, RECONSTRUCT, MOD AFTER 07/23/1984",3337
CAANSPSI,NSPS Part 60 - Subpart I - HOT MIX ASPHALT FACILITIES,3210
CAAMACT6H,MACT Part 63 - Subpart HHHHHH - PAINT STRIP & MISC SURFACE COATING OPERATIONS AT AREA SOURCES,3164
CAANSPSLLL,"NSPS Part 60 - Subpart LLL - SO2 EMISS, ONSHORE NATURAL GAS PROCESSING CONSTRUCT, DECONSTRUCT, MOD 01/20/1984-08/23/2011",3151
CAANSPSKKK,"NSPS Part 60 - Subpart KKK - EQUIPT LEAK VOC ONSHORE NATURAL GAS PROC PLNT CONSTRUCT, RECONSTRUCT, MOD 01/20/1984 - 08/23/2011",3136
CAAMACTDDDDD,MACT Part 63 - Subpart DDDDD - MAJOR SOURCES: INDUSTRIAL/COMMERCIAL/INSTITUTIONAL BOILERS & PROCESS HEATER,2765
CAAGACTMHH,40 CFR Part 63 Area Sources - Subpart HH - OIL AND NATURAL GAS PRODUCTION FACILITIES,2425
CAAGACTMA,40 CFR Part 63 Area Sources - Subpart A - GENERAL PROVISIONS,2388
CAANESHA,NESHAP Part 61 - Subpart A - GENERAL PROVISIONS,2125
CAAGACTM6J,"40 CFR Part 63 Area Sources - Subpart JJJJJJ - INDUSTRIAL, COMMERCIAL, AND INSTITUTIONAL BOILERS AREA SOURCES",1975
CAANSPSGG,NSPS Part 60 - Subpart GG - STATIONARY GAS TURBINES,1873
CAAMACT6C,MACT Part 63 - Subpart CCCCCC - GASOLINE DISPENSING FACILITIES,1694
CAAGACTM6C,40 CFR Part 63 Area Sources - Subpart CCCCCC - GASOLINE DISPENSING FACILITIES,1634
CAANESHM,NESHAP Part 61 - Subpart M - ASBESTOS,1450
CAANSPSDPB,NSPS Part 60 - Subpart Db - INDUS-COMMERC-INSTITUTL STEAM GENERATING UNITS,1291
CAAGACTM6H,40 CFR Part 63 Area Sources - Subpart HHHHHH - PAINT STRIP & MISC SURFACE COATING OPERATIONS AT AREA SOURCES,1261
CAAMACTT,MACT Part 63 - Subpart T - HALOGENATED SOLVENT CLEANING,1249
CAAMACTN,MACT Part 63 - Subpart N - CHROMIUM ELECTROPLATING,1181
CAANSPSKKKK,NSPS Part 60 - Subpart KKKK - STATIONARY COMBUSTION TURBINES,1161
CAANSPSMIIII,New Source Performance Standards (Non-Major) - Subpart IIII - STATIONARY COMPRESSION IGNITION INTERNAL COMBUSTION ENGINES,1120
CAANSPSWWW,NSPS Part 60 - Subpart WWW - MUNICIPAL SOLID WASTE LANDFILLS,979
CAANSPSY,NSPS Part 60 - Subpart Y - COAL PREPARATION PLANTS,968
CAAGACTMM,40 CFR Part 63 Area Sources - Subpart M - DRY CLEANERS PERCHLOROETHYLENE,943
CAAMACT6B,"MACT Part 63 - Subpart BBBBBB - GASOLINE DISTRIBUTION BULK TERMINALS, BULK PLANTS, AND PIPELINE FACILITIES",927
CAAMACTMMMM,MACT Part 63 - Subpart MMMM - SURFACE COATING OF MISC. METAL PARTS AND PRODUCTS,766
CAAMACTAAAA,MACT Part 63 - Subpart AAAA - MUNICIPAL SOLID WASTE LANDFILLS,753
CAAMACTWWWW,MACT Part 63 - Subpart WWWW - REINFORCED PLASTIC COMPOSITES PRODUCTION,738
CAAMACT6J,"MACT Part 63 - Subpart JJJJJJ - INDUSTRIAL, COMMERCIAL, AND INSTITUTIONAL BOILERS AREA SOURCES",718
CAANSPSMOOO,New Source Performance Standards (Non-Major) - Subpart OOO - NONMETALLIC MINERAL PROCESSING PLANTS,698
CAANSPSMDPC,New Source Performance Standards (Non-Major) - Subpart Dc - SMALL INDUS-COMMER-INSTITUTL STEAM GENERATING UNITS,662
CAAGACTM6B,"40 CFR Part 63 Area Sources - Subpart BBBBBB - GASOLINE DISTRIBUTION BULK TERMINALS, BULK PLANTS, AND PIPELINE FACILITIES",643
CAANSPSXX,NSPS Part 60 - Subpart XX - BULK GASOLINE TERMINALS,583
CAAMACTR,MACT Part 63 - Subpart R - GASOLINE DISTRIBUTION,559
CAAGACTM6X,40 CFR Part 63 Area Sources - Subpart XXXXXX - AREA SOURCE: NINE METAL FABRICATION AND FINISHING SOURCE CATEGORIES,547
CAAGACTMZZZZZ,40 CFR Part 63 Area Sources - Subpart ZZZZZ - IRON AND STEEL FOUNDRIES AREA SOURCES,543
CAANESHFF,NESHAP Part 61 - Subpart FF - BENZENE WASTE OPERATIONS,521
CAANSPSVV,"NSPS Part 60 - Subpart VV - EQUIPT LEAKS VOC IN SOCMI CONSTRUCT, RECONSTRUCT, MOD 01/05/1981 - 11/07/2006",521
CAAMACTJJ,MACT Part 63 - Subpart JJ - WOOD FURNITURE MANUFACTURING OPERATIONS,520
CAANSPSOOOOPB,"NSPS Part 60 - Subpart OOOOb - CRUDE OIL/NATURAL GAS PRODUCTION/TRANSMISSION & DISTRIBUTION - December 2, 2022 and after Methane and VOC",509
CAANSPSDD,NSPS Part 60 - Subpart DD - GRAIN ELEVATORS,508
CAANSPSK,"NSPS Part 60 - Subpart K - PETROLEUM STORAGE VESSEL CONSTRUCT, RECONSTRUCT, MOD FROM 06/11/1973 TO 05/19/1978",498
CAANSPSD,NSPS Part 60 - Subpart D - FOSSIL-FUEL-FIRED STEAM GENERATORS,405
CAAMACTPPPP,MACT Part 63 - Subpart PPPP - SURFACE COATING OF PLASTIC PARTS AND PRODUCTS,402
CAAMACTFFFF,MACT Part 63 - Subpart FFFF - MISCELLANEOUS ORGANIC CHEMICAL MANUFACTURING (MON),395
CAAMACTKK,MACT Part 63 - Subpart KK - PRINTING & PUBLISHING,395
CAAMACTDDDD,MACT Part 63 - Subpart DDDD - PLYWOOD AND COMPOSITE WOOD PRODUCTS,394
CAANSPSKPA,"NSPS Part 60 - Subpart Ka - PETROLEUM STORAGE VESSEL CONSTRUCT, RECONSTRUCT, MOD FROM 05/18/1978 to 07/23/1984",375
CAANSPSMI,New Source Performance Standards (Non-Major) - Subpart I - HOT MIX ASPHALT FACILITIES,374
CAAGACTM6W,40 CFR Part 63 Area Sources - Subpart WWWWWW - AREA SOURCE: PLATING AND POLISHING OPERATIONS,365
CAAMACTRRR,MACT Part 63 - Subpart RRR - SECONDARY ALUMINUM PRODUCTION,352
CAAMACTH,MACT Part 63 - Subpart H - EQUIPMENT LEAKS OF HAZARDOUS ORGANICS,339
CAAMACTJJJJ,MACT Part 63 - Subpart JJJJ - PAPER & OTHER WEB COATINGS,331
CAAMACTEEEE,MACT Part 63 - Subpart EEEE - ORGANIC LIQUIDS DISTRIBUTION (NON-GASOLINE),315
CAANSPSUUU,NSPS Part 60 - Subpart UUU - CALCINERS/DRYERS IN MINERAL INDUSTRIES,308
CAANSPSVVPA,"NSPS Part 60 - Subpart VVa - EQUIPT LEAKS VOC IN SOCMI CONSTRUCT, RECONSTRUCT, MOD AFTER 11/07/2006",307
CAAMACTG,"MACT Part 63 - Subpart G - SOCMI PROCESS VENTS, STORAGE VESSELS, TRANSFER OPERATIONS, WASTEWATER",305
CAAMACTYYYY,MACT Part 63 - Subpart YYYY - STATIONARY COMBUSTION TURBINES,273
CAAMACTF,MACT Part 63 - Subpart F - SYNTHETIC HAZARDOUS ORGANICS (SOCMI) STANDARDS,271
CAANSPSNNN,NSPS Part 60 - Subpart NNN - VOC EMISS FROM SOCMI DISTILLATION OPERATIONS,264
CAANESHE,NESHAP Part 61 - Subpart E - MERCURY,262
CAANSPSDPA,NSPS Part 60 - Subpart Da - ELECTRIC UTILITY STEAM GENERATING UNITS,262
CAAMACTUUUUU,MACT Part 63 - Subpart UUUUU - COAL & OIL-FIRED EUSGU'S,250
CAANSPSMJJJJ,New Source Performance Standards (Non-Major) - Subpart JJJJ - STATIONARY SPARK IGNITION INTERNAL COMBUSTION ENGINES,250
CAAMACTVVVV,MACT Part 63 - Subpart VVVV - BOAT MANUFACTURING,245
CAANSPSCCCC,NSPS Part 60 - Subpart CCCC - COMMERCIAL & INDUSTRIAL SOLID WASTE INCINERATION UNITS,227
CAAMACT6W,MACT Part 63 - Subpart WWWWWW - AREA SOURCE: PLATING AND POLISHING OPERATIONS,214
CAAMACT6X,MACT Part 63 - Subpart XXXXXX - AREA SOURCE: NINE METAL FABRICATION AND FINISHING SOURCE CATEGORIES,200
CAAMACTCC,MACT Part 63 - Subpart CC - PETROLEUM REFINERIES,200
CAANSPSXXX,"NSPS Part 60 - Subpart XXX - MUNICIPAL SOLID WASTE LANDFILLS THAT COMMENCED CONSTRUCTION, RECONSTRUCTION, OR MODIFICATION AFTER JULY 17, 2014",197
CAANSPSRRR,NSPS Part 60 - Subpart RRR - VOC EMISSIONS FROM SOCMI REACTOR PROCESSES,193
CAANSPSJ,NSPS Part 60 - Subpart J - PETROLEUM REFINERIES,189
CAANESHV,NESHAP Part 61 - Subpart V - EQUIPMENT LEAKS (FUGITIVE EMISSIONS SRC),188
CAAMACTHHHHH,MACT Part 63 - Subpart HHHHH - MISCELLANEOUS COATING MANUFACTURING,181
CAANSPSJJJ,NSPS Part 60 - Subpart JJJ - PETROLEUM DRY CLEANERS,180
CAAMACTY,MACT Part 63 - Subpart Y - MARINE TANK VESSEL LOADING & UNLOADING OPERATIONS,179
CAAGACTM7D,40 CFR Part 63 Area Sources - Subpart DDDDDDD - AREA SOURCE: PREPARED FEEDS MFG,171
CAANSPSJPA,"NSPS Part 60 - Subpart Ja - PETROLEUM REFINERIES CONSTRUCT, RECONSTRUCT, MOD AFTER 05/14/2007",165
CAAMACTGG,MACT Part 63 - Subpart GG - AEROSPACE MFG. & REWORK,159
CAANSPSQQQ,NSPS Part 60 - Subpart QQQ - VOC EMISS PETRO REFINERY WASTEWATER SYSTEMS,158
CAANESHC,NESHAP Part 61 - Subpart C - BERYLLIUM,157
CAANESHJ,NESHAP Part 61 - Subpart J - EQUIP LEAK (FUGITIVE EMISS SRC) BENZENE,156
CAANSPSRR,"NSPS Part 60 - Subpart RR - PRESSR-SENST TAPE, LABEL SURFACE COATING OPERATIONS",156
CAAMACTGGGGG,MACT Part 63 - Subpart GGGGG - SITE REMEDIATION,155
CAAGACTM6V,40 CFR Part 63 Area Sources - Subpart VVVVVV -  CHEMICAL MANUFACTURING AREA SOURCES,152
CAAMACTZZZZZ,MACT Part 63 - Subpart ZZZZZ - IRON AND STEEL FOUNDRIES AREA SOURCES,146
CAANSPSUU,NSPS Part 60 - Subpart UU - ASPHALT PROCESSING & ROOFING MANUFACTURE,146
CAAMACTEEE,MACT Part 63 - Subpart EEE - HAZARDOUS WASTE COMBUSTORS,144
CAANSPSVVV,NSPS Part 60 - Subpart VVV - POLYMERIC COATING OF SUPPORTING SUBSTRATS FACILITIES,136
CAAGACTMN,40 CFR Part 63 Area Sources - Subpart N - CHROMIUM ELECTROPLATING,134
CAAMACTS,MACT Part 63 - Subpart S - PULP AND PAPER,134
CAANSPSGGG,"NSPS Part 60 - Subpart GGG - EQUIPT LEAKS VOC PETRO REFINERIES CONSTRUCT, RECONSTRUCT, MOD 01/4/1983 - 11/07/2006",134
CAAGACTM6O,40 CFR Part 63 Area Sources - Subpart OOOOOO - FLEXIBLE POLYURETHANE FOAM PROD & FAB AREA SOURCES,131
CAANSPSTT,NSPS Part 60 - Subpart TT - METAL COIL SURFACE COATING,129
CAAMACTIIII,MACT Part 63 - Subpart IIII - SURFACE COATING OF AUTO AND LIGHT DUTY TRUCKS,125
CAAMACTUUU,"MACT Part 63 - Subpart UUU - PETROLEUM REFINERIES: CCU'S, CRU'S & SRU'S",124
CAAMACTLLL,MACT Part 63 - Subpart LLL - PORTLAND CEMENT PLANTS,123
CAAMACT7D,MACT Part 63 - Subpart DDDDDDD - AREA SOURCE: PREPARED FEEDS MFG,122
CAANSPSCC,NSPS Part 60 - Subpart CC - GLASS MANUFACTURING PLANT,119
CAAMACTMM,MACT Part 63 - Subpart MM - CHEMICAL RECOVERY COMBUSTION SOURCES AT PULP MILLS,117
CAANSPSE,NSPS Part 60 - Subpart E - INCINERATORS,114
CAANSPSO,NSPS Part 60 - Subpart O - SEWAGE TREATMENT PLANTS,114
CAAMACTO,MACT Part 63 - Subpart O - ETHYLENE OXIDE STERILIZERS,113
CAAMACTQ,MACT Part 63 - Subpart Q - INDUSTRIAL PROCESS COOLING TOWERS,113
CAANSPSMJPA,"New Source Performance Standards (Non-Major) - Subpart Ja - PETROLEUM REFINERIES CONSTRUCT, RECONSTRUCT, MOD AFTER 05/14/2007",112
CAAMACTHHH,MACT Part 63 - Subpart HHH - NATURAL GAS TRANSMISSION & STORAGE FACILITIES,108
CAAMACTGGGG,MACT Part 63 - Subpart GGGG - SOLVENT EXTRACTION FOR VEGETABLE OIL PRODUCTION,107
CAAMACTWWWWW,MACT Part 63 - Subpart WWWWW - HOSPITAL ETHYLENE OXIDE STERILIZERS,107
CAAGACTMWWWWW,40 CFR Part 63 Area Sources - Subpart WWWWW - HOSPITAL ETHYLENE OXIDE STERILIZERS,103
CAAMACTSS,"MACT Part 63 - Subpart SS - CLOSED VENT SYS/CTRL DEVICES, RECOVERY DEVICES, ROUTING TO FUEL GAS SYS/PROC",103
CAANSPSEEEE,"NSPS Part 60 - Subpart EEEE - OTHER SOLID WASTE INCIN UNITS CONSTR AFTER 12/09/2004; RECONSTR, MOD AFTER 06/16/2006",103
CAAMACTOOOO,"MACT Part 63 - Subpart OOOO - PRINTING, COATING AND DYEING OF FABRICS AND OTHER TEXTILES",99
CAANSPSMKPB,"New Source Performance Standards (Non-Major) - Subpart Kb - VOLATILE LIQUID STORAGE VESSEL CONSTRUCT, RECONSTRUCT, MOD AFTER 07/23/1984",99
CAANSPSBB,NSPS Part 60 - Subpart BB - KRAFT PULP MILLS,98
CAANSPSF,NSPS Part 60 - Subpart F - PORTLAND CEMENT PLANTS,97
CAAMACTII,MACT Part 63 - Subpart II - SHIPBUILDING & SHIP REPAIR,96
CAAMACTJJJJJ,MACT Part 63 - Subpart JJJJJ - BRICK & STRUCTURAL CLAY PRODUCTS MANUFACTURING,96
CAAMACTDD,MACT Part 63 - Subpart DD - OFF-SITE WASTE AND RECOVERY OPERATIONS,95
CAANESHY,NESHAP Part 61 - Subpart Y - BENZENE EMISS FROM BNZN STORAGE VESSELS,93
CAANSPSHH,NSPS Part 60 - Subpart HH - LIME MANUFACTURING PLANTS,93
CAANESHBB,NESHAP Part 61 - Subpart BB - BENZENE EMISS FROM BENZENE TRANSFR OPER,91
CAAMACTEEEEE,MACT Part 63 - Subpart EEEEE - IRON AND STEEL FOUNDRIES,88
CAAMACTUU,MACT Part 63 - Subpart UU - EQUIP LEAKS-CONTROL LEVEL 2,88
CAAMACTYY,MACT Part 63 - Subpart YY - GENERIC MACT STANDARDS,88
CAAGHGC,GHG Part 98 - Subpart C - GENERAL STATIONARY FUEL COMBUSTION SOURCES,85
CAAMACTB,MACT Part 63 - Subpart B - REQ FOR CONTROL TECHNOLOGY DETERMINATIONS FOR MAJOR SOURCES,85
CAAGACTM7C,40 CFR Part 63 Area Sources - Subpart CCCCCCC - AREA SOURCE: PAINT AND ALLIED PRODUCTS MANUFACTURING,83
CAANSPSMA,New Source Performance Standards (Non-Major) - Subpart A - GENERAL PROVISIONS,81
CAAGACTMT,40 CFR Part 63 Area Sources - Subpart T - HALOGENATED SOLVENT CLEANING,78
CAAMACTQQQQ,MACT Part 63 - Subpart QQQQ - SURFACE COATING OF WOOD BUILDING PRODUCTS,78
CAANSPSGGGPA,"NSPS Part 60 - Subpart GGGa - EQUIPT LEAKS VOC PETRO REFINERIES CONSTRUCT, RECONSTRUCT, MOD AFTER 11/07/2006",77
CAAMACTGGG,MACT Part 63 - Subpart GGG - PHARMACEUTICAL MANUFACTURING,76
CAANSPSDDD,NSPS Part 60 - Subpart DDD - VOC EMISS FROM POLYMER MANUFACTURING,76
CAANSPSLL,NSPS Part 60 - Subpart LL - METALLIC MINERAL PROCESSING PLANTS,75
CAANSPSAAPA,"NSPS Part 60 - Subpart AAa - STEEL PLANTS: ELEC-ARC FURNACE, ARGON-O2 DECARB VESSEL CONSTRUCT AFTER 08/17/1983",74
CAAMACT6V,MACT Part 63 - Subpart VVVVVV -  CHEMICAL MANUFACTURING AREA SOURCES,73
CAANSPSMM,NSPS Part 60 - Subpart MM - AUTO/LT-DUTY TRK SURFACE COATING OPERATN,71
CAANSPSEE,NSPS Part 60 - Subpart EE - SURFAC COATING OF METAL FURNITURE,66
CAANSPSCPC,NSPS Part 60 - Subpart Cc - MUNICIPAL SOLID WASTE LANDFILLS,65
CAANSPSIII,NSPS Part 60 - Subpart III - VOC EMISS OF SOCMI AIR-O2 UNIT PROCESS,65
CAAMACTJJJ,MACT Part 63 - Subpart JJJ - GROUP IV POLYMERS AND RESINS,64
CAAMACTSSSS,MACT Part 63 - Subpart SSSS - SURFACE COATING OF METAL COIL,63
CAANSPSTTTT,NSPS Part 60 - Subpart TTTT - GHG EMISSIONS FOR ELECTRIC GENERATING UNITS,61
CAAMACTKKKK,MACT Part 63 - Subpart KKKK - SURFACE COATING OF METAL CANS,60
CAANSPSWW,NSPS Part 60 - Subpart WW - BEVERAGE CAN SURFACE COATING,60
CAAMACTWW,MACT Part 63 - Subpart WW - STORAGE VESSELS (TANKS)- CONTROL LEVEL 2,56
CAANSPSAAAA,"NSPS Part 60 - Subpart AAAA - SMALL MUNICIPAL WASTE COMBUST UNITS CONSTR AFTER 08/30/1999; RECONSTR, MOD AFTER 06/06/2001",56
CAANSPSCPE,NSPS Part 60 - Subpart Ce - HOSPITAL/MEDICAL/INFECTIOUS WASTE INCINERATORS,55
CAANSPSH,NSPS Part 60 - Subpart H - SULFURIC ACID PLANTS,55
CAANSPSKK,NSPS Part 60 - Subpart KK - LEAD-ACID BATTERY MANUFACTURING PLANTS,55
CAAGACTMYYYYY,40 CFR Part 63 Area Sources - Subpart YYYYY - AREA SOURCE: ELECTRIC ARC FURNACE STEELMAKING FACILITIES,51
CAAMACTCCC,MACT Part 63 - Subpart CCC - STEEL PICKLING-HCI PROCESS FACILITIES AND HCI REG PLANTS,50
CAANESHF,NESHAP Part 61 - Subpart F - VINYL CHLORIDE,50
CAANSPSMUUU,New Source Performance Standards (Non-Major) - Subpart UUU - CALCINERS/DRYERS IN MINERAL INDUSTRIES,49
CAAMACTAAAAA,MACT Part 63 - Subpart AAAAA - LIME MANUFACTURING PLANTS,47
CAAGACTM6Q,40 CFR Part 63 Area Sources - Subpart QQQQQQ - WOOD PERSERVING AREA SOURCES,46
CAAMACTBBBBB,MACT Part 63 - Subpart BBBBB - SEMICONDUCTOR MANUFACTURING,46
CAAMACTI,"MACT Part 63 - Subpart I - NEGOTIATED REGS: EQUIP LEAKS, HAZ-ORGNCS",45
CAAMACTYYYYY,MACT Part 63 - Subpart YYYYY - AREA SOURCE: ELECTRIC ARC FURNACE STEELMAKING FACILITIES,45
CAANSPSMOOOOPA,New Source Performance Standards (Non-Major) - Subpart OOOOa - CRUDE OIL/NATURAL GAS PRODUCTION/TRANSMISSION & DISTRIBUTION (post 9/18/15),45
CAANSPSAAA,NSPS Part 60 - Subpart AAA - NEW RESIDENTIAL WOOD HEATERS,44
CAANSPSDDDD,NSPS Part 60 - Subpart DDDD - COMMER/IND SOLID WASTE INCINERATION UNITS,44
CAANSPSFFF,NSPS Part 60 - Subpart FFF - FLEXIBLE VINYL/URETHANE COATING/PRINTING,44
CAAGACTM6Z,"40 CFR Part 63 Area Sources - Subpart ZZZZZZ - AREA SOURCE: ALUMINUM, COPPER & OTHER NONFERROUS FOUNDRIES",43
CAAGACTMRRR,40 CFR Part 63 Area Sources - Subpart RRR - SECONDARY ALUMINUM PRODUCTION,42
CAAMACTOOO,MACT Part 63 - Subpart OOO - MANUFACTURE OF AMINO/PHENOLIC RESINS,42
CAANESHN,"NESHAP Part 61 - Subpart N - INORGANIC ARSENIC, FROM GLASS MANUFACT",42
CAAMACT6O,MACT Part 63 - Subpart OOOOOO - FLEXIBLE POLYURETHANE FOAM PROD & FAB AREA SOURCES,40
CAAMACT7C,MACT Part 63 - Subpart CCCCCCC - AREA SOURCE: PAINT AND ALLIED PRODUCTS MANUFACTURING,40
CAAMACTIII,MACT Part 63 - Subpart III - FLEXIBLE POLYURETHANE FOAM PRODUCTION,40
CAANESHH,NESHAP Part 61 - Subpart H - RADIONUCS OTR THN RADON FROM DPT OF ENGY,39
CAAMACT6Q,MACT Part 63 - Subpart QQQQQQ - WOOD PERSERVING AREA SOURCES,37
CAANESHL,NESHAP Part 61 - Subpart L - BENZENE FROM COKE BY-PRODUCT RECOVERY,37
CAANSPSBBB,NSPS Part 60 - Subpart BBB - RUBBER TIRE MANUFACTURE,36
CAANSPSMXX,New Source Performance Standards (Non-Major) - Subpart XX - BULK GASOLINE TERMINALS,36
CAAGACTM7A,40 CFR Part 63 Area Sources - Subpart AAAAAAA - AREA SOURCE: ASPHALT PROCESSING AND ASPHALT ROOFING MANUFACTURING,35
CAANSPSCPB,"NSPS Part 60 - Subpart Cb - LARGE MWC CONSTRUCTED ON OR BEFORE SEPT. 20, 1994",35
CAANSPSG,NSPS Part 60 - Subpart G - NITRIC ACID PLANTS,35
CAAMACT7A,MACT Part 63 - Subpart AAAAAAA - AREA SOURCE: ASPHALT PROCESSING AND ASPHALT ROOFING MANUFACTURING,34
CAANSPSAA,NSPS Part 60 - Subpart AA - STEEL PLANTS: ELEC-ARC FURNACE CONSTRUCT 10/21/74-8/17/83,34
CAAMACTMMM,MACT Part 63 - Subpart MMM - PESTICIDE ACTIVE INGREDIENT PRODUCTION,32
CAAMACTXXXX,MACT Part 63 - Subpart XXXX - RUBBER TIRE MANUFACTURING,32
CAAMACTPPP,MACT Part 63 - Subpart PPP - POLYETHER POLYOLS PRODUCTION,31
CAAMACTNNNNN,MACT Part 63 - Subpart NNNNN - HYDROCHLORIC ACID PRODUCTION,30
CAAMACTPPPPP,MACT Part 63 - Subpart PPPPP - ENGINE TEST CELLS/STANDS,30
CAAMACTRRRR,MACT Part 63 - Subpart RRRR - SURFACE COATING OF METAL FURNITURE,29
CAASFPOOO,"CAASFP Part 62 - Subpart OOO - FEDRL PLAN REQ FOR MUNICIPAL SOLID WASTE LANDFILLS THAT COMMENCED CONSTR ON OR BEFORE JULY 17, 2014 AND HAVE NOT BEEN MODIFIED OR RECONSTR SINCE JULY 17, 2014",29
CAAGHGD,GHG Part 98 - Subpart D - ELECTRICITY GENERATION,28
CAAMACT6P,MACT Part 63 - Subpart PPPPPP - LEAD ACID BATTERY MANUFACTURING AREA SOURCES,28
CAAMACT6Z,"MACT Part 63 - Subpart ZZZZZZ - AREA SOURCE: ALUMINUM, COPPER & OTHER NONFERROUS FOUNDRIES",28
CAANSPSCPF,NSPS Part 60 - Subpart Cf - MUNICIPAL SOLID WASTE LANDFILLS,28
CAANSPSMMMM,NSPS Part 60 - Subpart MMMM - EXISTING SEWAGE SLUDGE INCINERATION UNITS,28
CAANSPSPPP,NSPS Part 60 - Subpart PPP - WOOL FIBERGLASS INSULATION MANUFACTURING PLANTS,28
CAAMACTL,MACT Part 63 - Subpart L - COKE OVEN BATTERIES,27
CAAMACTCCCCC,"MACT Part 63 - Subpart CCCCC - COKE OVENS: PUSHING, QUENCHING AND BATTERY STACKS",26
CAANSPSL,NSPS Part 60 - Subpart L - SECONDARY LEAD SMELTERS,26
CAAMACTU,MACT Part 63 - Subpart U - GROUP 1 POLYMERS AND RESINS,25
CAANSPSEPC,NSPS Part 60 - Subpart Ec - NEW HOSPITAL/MEDICAL/INFECTIOUS WASTE INCINERATORS,25
CAANSPSQQ,NSPS Part 60 - Subpart QQ - GRAPH ART: PUBLICATION ROTOGRAVURE PRINT,25
CAAMACT7H,MACT Part 63 - Subpart HHHHHHH - POLYVINYL CHLORIDE AND COPOLYMERS PRODUCTION,24
CAAMACTNNN,MACT Part 63 - Subpart NNN - WOOL FIBERGLASS MANUFACTURING,24
CAAMACTXX,MACT Part 63 - Subpart XX - ETHYLENE MPF: HEAT EXCHANGE SYSTEMS & WASTE OPERATIONS,24
CAAGACTM7B,40 CFR Part 63 Area Sources - Subpart BBBBBBB - AREA SOURCE: CHEMICAL PREPARATIONS INDUSTRY,23
CAANSPSEPB,NSPS Part 60 - Subpart Eb - LARGE MUNICIPAL WASTE COMBUSTORS CONSTRUCT AFTER 09/20/1994; MOD OR RESCONSTRUCT AFTER 06/19/1996,23
CAANSPSMGG,New Source Performance Standards (Non-Major) - Subpart GG - STATIONARY GAS TURBINES,23
CAANSPSSS,NSPS Part 60 - Subpart SS - INDUSTRIAL SURFACE COATING: LARGE APPLIANCES,23
CAANSPSTTT,"NSPS Part 60 - Subpart TTT - IND-SURF-COAT: PLASTICS, BUSINESS MACHNS",22
CAAGHGHH,GHG Part 98 - Subpart HH - MUNICIPAL SOLI WASTE LANDFILLS,21
CAAMACTRR,MACT Part 63 - Subpart RR - INDIVIDUAL DRAIN SYSTEMS,21
CAAMACTX,MACT Part 63 - Subpart X - SECONDARY LEAD SMELTERS,21
CAANSPSB,NSPS Part 60 - Subpart B - STATE PLANS FOR DESIGNATED FACILITIES,21
CAANSPSBBPA,"NSPS Part 60 - Subpart BBa - KRAFT PULP MILLS CONSTRUCT, RECONSTRUCT, MOD AFTER 05/23/2013",21
CAANSPSM,NSPS Part 60 - Subpart M - SECONDARY BRASS & BRONZE PRODUCTN PLANTS,21
CAAGACTMO,40 CFR Part 63 Area Sources - Subpart O - ETHYLENE OXIDE STERILIZERS,20
CAANSPSMJJJ,New Source Performance Standards (Non-Major) - Subpart JJJ - PETROLEUM DRY CLEANERS,20
CAANSPSMKKKK,New Source Performance Standards (Non-Major) - Subpart KKKK - STATIONARY COMBUSTION TURBINES,20
CAAGACTM6P,40 CFR Part 63 Area Sources - Subpart PPPPPP - LEAD ACID BATTERY MANUFACTURING AREA SOURCES,19
CAAMACTFFFFF,MACT Part 63 - Subpart FFFFF - INTEGRATED IRON AND STEEL MANUFACTURING FACILITIES,19
CAAMACTNNNN,MACT Part 63 - Subpart NNNN - SURFACE COATING OF LARGE APPLIANCES,19
CAANSPSMEE,New Source Performance Standards (Non-Major) - Subpart EE - SURFAC COATING OF METAL FURNITURE,19
CAAMACTLL,MACT Part 63 - Subpart LL - PRIMARY ALUMINUM REDUCTION PLANTS,18
CAAMACTVVV,MACT Part 63 - Subpart VVV - PUBLICLY OWNED TREATMENT WORKS,18
CAAGACTM6R,40 CFR Part 63 Area Sources - Subpart RRRRRR - CLAY CERAMICS MFG AREA SOURCES,17
CAAMACTLLLLL,MACT Part 63 - Subpart LLLLL - ASPHALT PROCESSING AND ASPHALT ROOFING MANUFACTURING,17
CAAMACTPP,MACT Part 63 - Subpart PP - CONTAINER STANDARDS,17
CAANESHI,"NESHAP Part 61 - Subpart I - RADIONUCS NRC LICNSD OR FEDRL, NOT SUB-H",17
CAANESHR,NESHAP Part 61 - Subpart R - RADON FROM PHOSPHOGYMSUM STACKS,17
CAAGACTM4A,40 CFR Part 63 Area Sources - Subpart AAAA - MUNICIPAL SOLID WASTE LANDFILLS,16
CAAGACTM6S,40 CFR Part 63 Area Sources - Subpart SSSSSS - GLASS MFG AREA SOURCES,16
CAAMACTOO,MACT Part 63 - Subpart OO - TANK STANDARDS - LEVEL 1,16
CAAMACTUUUU,MACT Part 63 - Subpart UUUU - CELLULOSE PRODUCT MANUFACTURING,16
CAAMACTAA,MACT Part 63 - Subpart AA - PHOSPERIC ACID MANUFACTURING PLANTS,15
CAAMACTBB,MACT Part 63 - Subpart BB - PHOSPHATE FERTILIZERS,15
CAAMACTTT,MACT Part 63 - Subpart TT - EQUIPMENT LEAKS - CONTROL LEVEL 1,15
CAAMACTVV,MACT Part 63 - Subpart VV - OIL-WATER & ORGANIC-WATER SEPARATORS,15
CAANSPSHHH,NSPS Part 60 - Subpart HHH - SYNTHETIC FIBER PRODUCTION FACILITIES,15
CAANSPSKC,"NSPS Part 60 - Subpart Kc - VOLATILE ORGANIC LIQUID STORAGE VESSELS (INCLUDING PETROLEUM LIQUID STORAGE VESSELS) FOR WHICH CONSTRUCTION, RECONSTRUCTION, OR MODIFICATION COMMENCED AFTER OCTOBER 4, 2023",15
CAANSPST,NSPS Part 60 - Subpart T - PHOSPHATE FRTLZR: WET-PROC PHOSPH ACID PLANTS,15
CAAMACT6S,MACT Part 63 - Subpart SSSSSS - GLASS MFG AREA SOURCES,14
CAAMACTDDD,MACT Part 63 - Subpart DDD - MINERAL WOOL PRODUCTION,14
CAAMACTTTTT,MACT Part 63 - Subpart TTTT - LEATHER FINISHING OPERATIONS,14
CAANSPSEPA,NSPS Part 60 - Subpart Ea - MUNICIPAL WASTE COMBUSTORS CONSTRUCTED 12/20/1989 - 09/20/1994,14
CAANSPSHHHH,NSPS Part 60 - Subpart HHHH - COAL-FIRED ELECTRIC STEAM GENERATING UNITS,14
CAASFPA,CAASFP Part 62 - Subpart A - GENERAL PROVISIONS,14
CAAMACTIIIII,MACT Part 63 - Subpart IIIII - MERCURY EMISSIONS FROM MERCURY CELL CHLOR-ALKALI PLANTS,13
CAANSPSMEEEE,"New Source Performance Standards (Non-Major) - Subpart EEEE - OTHER SOLID WASTE INCIN UNITS CONSTR AFTER 12/09/2004; RECONSTR, MOD AFTER 06/16/2006",12
CAAGHGW,GHG Part 98 - Subpart W - PETROLEUM AND NATURAL GAS SYSTEMS,11
CAAMACTEE,MACT Part 63 - Subpart EE - MAGNETIC TAPE MFG. OPERATIONS,11
CAAMACTW,MACT Part 63 - Subpart W - EPOXY RESINS & NON-NYLON POLYAMIDES PRODUCTION,11
CAANSPSMRR,"New Source Performance Standards (Non-Major) - Subpart RR - PRESSR-SENST TAPE, LABEL SURFACE COATING OPERATIONS",11
CAANSPSMVV,"New Source Performance Standards (Non-Major) - Subpart VV - EQUIPT LEAKS VOC IN SOCMI CONSTRUCT, RECONSTRUCT, MOD 01/05/1981 - 11/07/2006",11
CAANSPSMVVPA,"New Source Performance Standards (Non-Major) - Subpart VVa - EQUIPT LEAKS VOC IN SOCMI CONSTRUCT, RECONSTRUCT, MOD AFTER 11/07/2006",11
CAANSPSMVVV,New Source Performance Standards (Non-Major) - Subpart VVV - POLYMERIC COATING OF SUPPORTING SUBSTRATS FACILITIES,11
CAANSPSMWWW,New Source Performance Standards (Non-Major) - Subpart WWW - MUNICIPAL SOLID WASTE LANDFILLS,11
CAAMACT6T,MACT Part 63 - Subpart TTTTTT - SECONDARY NONFERROUS METALS PROCESSING AREA SOURCES,10
CAANSPSV,NSPS Part 60 - Subpart V - PHOSPHATE FRTLZR: DIAMMONIUM PHOS PLANT,10
CAAGACTMKK,40 CFR Part 63 Area Sources - Subpart KK - PRINTING & PUBLISHING,9
CAAMACTJ,MACT Part 63 - Subpart J - POLYVINYL CHLORIDE AND COPOLYMERS PRODUCTION,9
CAAMACTMMMMM,MACT Part 63 - Subpart MMMMM - FLEXIBLE POLYURETHANE FOAM FABRICATION OPERATIONS,9
CAANSPSBBBB,NSPS Part 60 - Subpart BBBB - EXISTING SMALL MUNICIPAL WASTE COMBUSTION (MWC) UNITS CONSTRUCT BEFORE 08/30/1999,9
CAANSPSMDD,New Source Performance Standards (Non-Major) - Subpart DD - GRAIN ELEVATORS,9
CAAMACTHHHH,MACT Part 63 - Subpart HHHH - WET FORMED FIBERGLASS MAT PRODUCTION,8
CAAMACTKKKKK,MACT Part 63 - Subpart KKKKK - CLAY CERAMICS MANUFACTURING,8
CAANESHT,"NESHAP Part 61 - Subpart T - RADON, DISPOSAL OF URANIUM MILL TAILINGS",8
CAANSPSC,NSPS Part 60 - Subpart C - EMISSION GUIDELINES AND COMPLIANCE TIMES,8
CAANSPSMAAAA,"New Source Performance Standards (Non-Major) - Subpart AAAA - SMALL MUNICIPAL WASTE COMBUST UNITS CONSTR AFTER 08/30/1999; RECONSTR, MOD AFTER 06/06/2001",8
CAANSPSSSS,NSPS Part 60 - Subpart SSS - MAGNETIC TAPE COATING FACILITIES,8
CAAGACTMEEE,40 CFR Part 63 Area Sources - Subpart EEE - HAZARDOUS WASTE COMBUSTORS,7
CAAMACT6D,MACT Part 63 - Subpart DDDDDD - POLYVINYL CHLORIDE AND COPOLYMERS PRODUCTION AREA SOURCES,7
CAAMACTCCCC,MACT Part 63 - Subpart CCCC - MANUFACTURING OF NUTRITIONAL YEAST,7
CAANSPSGPA,"NSPS Part 60 - Subpart Ga - NITRIC ACID PLANTS CONSTRUCT, RECONSTRUCT, MOD AFTER 10/14/2011",7
CAANSPSLLLL,NSPS Part 60 - Subpart LLLL - NEW SEWAGE SLUDGE INCINERATION (SSI) UNITS,7
CAANSPSMK,"New Source Performance Standards (Non-Major) - Subpart K - PETROLEUM STORAGE VESSEL CONSTRUCT, RECONSTRUCT, MOD FROM 06/11/1973 TO 05/19/1978",7
CAANSPSMKKK,"New Source Performance Standards (Non-Major) - Subpart KKK - EQUIPT LEAK VOC ONSHORE NATURAL GAS PROC PLNT CONSTRUCT, RECONSTRUCT, MOD 01/20/1984 - 08/23/2011",7
CAANSPSMNNN,New Source Performance Standards (Non-Major) - Subpart NNN - VOC EMISS FROM SOCMI DISTILLATION OPERATIONS,7
CAANSPSMY,New Source Performance Standards (Non-Major) - Subpart Y - COAL PREPARATION PLANTS,7
CAANSPSPP,NSPS Part 60 - Subpart PP - AMMONIUM SULFATE MANUFAC,7
CAANSPSQ,NSPS Part 60 - Subpart Q - PRIMARY ZINC SMELTERS,7
CAAGACTM6D,40 CFR Part 63 Area Sources - Subpart DDDDDD - POLYVINYL CHLORIDE AND COPOLYMERS PRODUCTION AREA SOURCES,6
CAAGACTM6Y,40 CFR Part 63 Area Sources - Subpart YYYYYY - AREA SOURCE: FERROALLOYS PRODUCTION FACILITIES,6
CAAGACTMLLL,40 CFR Part 63 Area Sources - Subpart LLL - PORTLAND CEMENT PLANTS,6
CAANESHB,NESHAP Part 61 - Subpart B - RADON FROM UNDERGROUND URANIUM MINES,6
CAANESHD,NESHAP Part 61 - Subpart D - BERYLLIUM ROCKET MOTOR FIRING,6
CAANSPSMCCCC,New Source Performance Standards (Non-Major) - Subpart CCCC - COMMERCIAL & INDUSTRIAL SOLID WASTE INCINERATION UNITS,6
CAANSPSMXXX,"New Source Performance Standards (Non-Major) - Subpart XXX - MUNICIPAL SOLID WASTE LANDFILLS THAT COMMENCED CONSTRUCTION, RECONSTRUCTION, OR MODIFICATION AFTER JULY 17, 2014",6
CAAGACTM7E,40 CFR Part 63 Area Sources - Subpart EEEEEEE - AREA SOURCE: GOLD MINE ORE PROCESSING AND PRODUCTION,5
CAAGHGH,GHG Part 98 - Subpart H - CEMENT PRODUCTION,5
CAAMACT6Y,MACT Part 63 - Subpart YYYYYY - AREA SOURCE: FERROALLOYS PRODUCTION FACILITIES,5
CAAMACTD,"MACT Part 63 - Subpart D - COMPLIANCE EXTENSION, EARLY HAP REDUCTN",5
CAAMACTRRRRR,MACT Part 63 - Subpart RRRRR - TACONITE IRON ORE PROCESSING,5
CAAMACTTTTTT,MACT Part 63 - Subpart TTTTT - PRIMARY MAGNESIUM REFINING,5
CAANESHO,NESHAP Part 61 - Subpart O - INORG ARSENIC FROM PRIMARY COPPER SMLTR,5
CAANSPSKKKKA,NSPS Part 60 - Subpart KKKKa - STATIONARY COMBUSTION TURBINES,5
CAANSPSMBBB,New Source Performance Standards (Non-Major) - Subpart BBB - RUBBER TIRE MANUFACTURE,5
CAANSPSMDPB,New Source Performance Standards (Non-Major) - Subpart Db - INDUS-COMMERC-INSTITUTL STEAM GENERATING UNITS,5
CAANSPSS,NSPS Part 60 - Subpart S - PRIMARY ALUMINUM REDUCTION PLANTS,5
CAANSPSZ,NSPS Part 60 - Subpart Z - FERROALLOY PRODUCTION FACILITIES,5
CAAGACTM6T,40 CFR Part 63 Area Sources - Subpart TTTTTT - SECONDARY NONFERROUS METALS PROCESSING AREA SOURCES,4
CAAGACTMVVV,40 CFR Part 63 Area Sources - Subpart VVV - PUBLICLY OWNED TREATMENT WORKS,4
CAAGHGA,GHG Part 98 - Subpart A - GENERAL PROVISIONS,4
CAAMACT6R,MACT Part 63 - Subpart RRRRRR - CLAY CERAMICS MFG AREA SOURCES,4
CAAMACTSSSSS,MACT Part 63 - Subpart SSSSS - REFRACTORY PRODUCTS MANUFACTURING,4
CAAMACTXXX,MACT Part 63 - Subpart XXX - FERROALLOY PRODUCTION,4
CAANESHK,NESHAP Part 61 - Subpart K - RADIONUCS FROM ELEMENTAL PHOSPHORUS PLNT,4
CAANSPSFFFF,NSPS Part 60 - Subpart FFFF - OTHER SOLID WASTE INCIN UNITS CONSTR BEFORE 12/09/2004,4
CAANSPSMCC,New Source Performance Standards (Non-Major) - Subpart CC - GLASS MANUFACTURING PLANT,4
CAANSPSMFFF,New Source Performance Standards (Non-Major) - Subpart FFF - FLEXIBLE VINYL/URETHANE COATING/PRINTING,4
CAANSPSMKPA,"New Source Performance Standards (Non-Major) - Subpart Ka - PETROLEUM STORAGE VESSEL CONSTRUCT, RECONSTRUCT, MOD FROM 05/18/1978 to 07/23/1984",4
CAANSPSMOOOO,New Source Performance Standards (Non-Major) - Subpart OOOO - CRUDE OIL/NATURAL GAS PRODUCTION/TRANSMISSION & DISTRIBUTION,4
CAANSPSMRRR,New Source Performance Standards (Non-Major) - Subpart RRR - VOC EMISSIONS FROM SOCMI REACTOR PROCESSES,4
CAANSPSMUU,New Source Performance Standards (Non-Major) - Subpart UU - ASPHALT PROCESSING & ROOFING MANUFACTURE,4
CAANSPSNPA,NSPS Part 60 - Subpart Na - SECONDARY EMISS BASIC O2 PROCESS STEELMAKING FACIL CONSTRUCT AFTER 01/20/1983,4
CAANSPSP,NSPS Part 60 - Subpart P - PRIMARY COPPER SMELTERS,4
CAANSPSR,NSPS Part 60 - Subpart R - PRIMARY LEAD SMELTERS,4
CAASFPLLL,"CAASFP Part 62 - Subpart LLL - FEDRL PLAN REQ FOR SEWAGE SLUDGE INCIN UNITS CONSTR ON OR BEFORE OCTOBER 14, 2010",4
CAAGHGI,GHG Part 98 - Subpart I - ELECTRONICS MANUFACTURING,3
CAAMACT6M,MACT Part 63 - Subpart MMMMMM - CARBON BLACK PRODUCTION AREA SOURCES,3
CAAMACT6N,MACT Part 63 - Subpart NNNNNN - CHEMICAL MANUFACTURING AREA SOURCES: CHROMIUM COMPOUNDS,3
CAAMACT7B,MACT Part 63 - Subpart BBBBBBB - AREA SOURCE: CHEMICAL PREPARATIONS INDUSTRY,3
CAAMACT7E,MACT Part 63 - Subpart EEEEEEE - AREA SOURCE: GOLD MINE ORE PROCESSING AND PRODUCTION,3
CAAMACTQQQQQ,MACT Part 63 - Subpart QQQQQ - FRICTION MATERIALS MANUFACTURING FACILITIES,3
CAAMACTZZZ,MACT Part 63 - Subpart ZZZ - CHEMICAL SECTOR RULE,3
CAANSPSMBBBB,New Source Performance Standards (Non-Major) - Subpart BBBB - EXISTING SMALL MUNICIPAL WASTE COMBUSTION (MWC) UNITS CONSTRUCT BEFORE 08/30/1999,3
CAANSPSMD,New Source Performance Standards (Non-Major) - Subpart D - FOSSIL-FUEL-FIRED STEAM GENERATORS,3
CAANSPSMDDDD,New Source Performance Standards (Non-Major) - Subpart DDDD - COMMER/IND SOLID WASTE INCINERATION UNITS,3
CAANSPSMIII,New Source Performance Standards (Non-Major) - Subpart III - VOC EMISS OF SOCMI AIR-O2 UNIT PROCESS,3
CAANSPSMKK,New Source Performance Standards (Non-Major) - Subpart KK - LEAD-ACID BATTERY MANUFACTURING PLANTS,3
CAANSPSMKPC,"New Source Performance Standards (Non-Major) - Subpart Kc - VOLATILE ORG LIQ STOR VESSELS (INCL PETROLEUM LIQUID STORAGE VESSELS) FOR WHICH CONSTR., RECONSTR., OR MOD COMMENCED AFTER OCTOBER 4, 2023",3
CAANSPSMLLL,"New Source Performance Standards (Non-Major) - Subpart LLL - SO2 EMISS, ONSHORE NATURAL GAS PROCESSING CONSTRUCT, DECONSTRUCT, MOD 01/20/1984-08/23/2011",3
CAANSPSMOOOOPB,"New Source Performance Standards (Non-Major) - Subpart OOOOb - CRUDE OIL/NATURAL GAS PRODUCTION/TRANSMISSION & DISTRIBUTION - December 2, 2022 and after Methane and VOC",3
CAANSPSMTT,New Source Performance Standards (Non-Major) - Subpart TT - METAL COIL SURFACE COATING,3
CAANSPSMTTT,"New Source Performance Standards (Non-Major) - Subpart TTT - IND-SURF-COAT: PLASTICS, BUSINESS MACHNS",3
CAANSPSN,NSPS Part 60 - Subpart N - PRIMARY EMISS BASIC O2 PROCESS FURNACES CONSTRUCT AFTER 06/11/1973,3
CAANSPSTTTTA,NSPS Part 60 - Subpart TTTTa - GHGS MODIFIED COAL-FIRED STEAM ELECTRIC GENERATING UNITS AND NEW CONSTRUCTION AND RECONSTRUCTION STATIONARY COMBUSTION TURBINE ELECTRIC GENERATING UNITS,3
CAANSPSU,NSPS Part 60 - Subpart U - PHOSPHATE FRTLZR: SUPERPHOSPHORIC ACID PLANTS,3
CAANSPSX,NSPS Part 60 - Subpart X - PHOSPHATE FRTLZR: GRANULAR 3-SUPERPHOSPHATE STORAGE FACILITIES,3
CAAGACTM6F,40 CFR Part 63 Area Sources - Subpart FFFFFF - SECONDARY COPPER SMELTING AREA SOURCES,2
CAAGACTM6G,"40 CFR Part 63 Area Sources - Subpart GGGGGG - PRIMARY NONFERROUS METALS AREA SOURCES - ZN, CD AND BE",2
CAAGHGS,GHG Part 98 - Subpart S - LIME MANUFACTURING,2
CAAGHGTT,GHG Part 98 - Subpart TT - INDUSTRIAL WASTE LANDFILLS,2
CAAMACT6L,MACT Part 63 - Subpart LLLLLL - ACRYLIC AND MODACRYLIC FIBERS PRODUCTION AREA SOURCES,2
CAAMACTQQ,MACT Part 63 - Subpart QQ - SURFACE IMPOUNDMENT,2
CAAMACTTTT,MACT Part 63 - Subpart TTT - PRIMARY LEAD SMELTING,2
CAANESHQ,NESHAP Part 61 - Subpart Q - RADON FROM DOE FACILITIES,2
CAANSPSAAPB,"NSPS Part 60 - Subpart AAb - STEEL PLANTS: ELECTRIC ARC FURNACES AND ARGON-OXYGEN DECARBONIZATION VESSELS CONSTRUCTED AFTER MAY 16, 2022",2
CAANSPSCPD,NSPS Part 60 - Subpart Cd - SULFURIC ACID PRODUCTION UNITS,2
CAANSPSMCPC,New Source Performance Standards (Non-Major) - Subpart Cc - MUNICIPAL SOLID WASTE LANDFILLS,2
CAANSPSMCPF,New Source Performance Standards (Non-Major) - Subpart Cf - MUNICIPAL SOLID WASTE LANDFILLS,2
CAANSPSMEPC,New Source Performance Standards (Non-Major) - Subpart Ec - NEW HOSPITAL/MEDICAL/INFECTIOUS WASTE INCINERATORS,2
CAANSPSMFFFF,New Source Performance Standards (Non-Major) - Subpart FFFF - OTHER SOLID WASTE INCIN UNITS CONSTR BEFORE 12/09/2004,2
CAANSPSMJ,New Source Performance Standards (Non-Major) - Subpart J - PETROLEUM REFINERIES,2
CAANSPSMMPA,"NSPS Part 60 - Subpart MMa - AUTOMOBILE AND LIGHT DUTY TRUCK SURFACE COATING OPERATIONS FOR WHICH CONSTRUCTION, MODIFICATION OR RECONSTRUCTION COMMENCED AFTER MAY 18, 2022",2
CAANSPSMSS,New Source Performance Standards (Non-Major) - Subpart SS - INDUSTRIAL SURFACE COATING: LARGE APPLIANCES,2
CAANSPSMWW,New Source Performance Standards (Non-Major) - Subpart WW - BEVERAGE CAN SURFACE COATING,2
CAANSPSNN,NSPS Part 60 - Subpart NN - PHOSPHATE ROCK PLANTS,2
CAANSPSVVPB,"NSPS Part 60 - Subpart VVb - EQUIPMENT LEAKS OF VOC IN THE SYNTHETIC ORGANIC CHEMICALS MANUFACTURING INDUSTRY FOR WHICH CONSTRUCTION, RECONSTRUCTION, OR MODIFICATION COMMENCED AFTER APRIL 25, 2023",2
CAANSPSW,NSPS Part 60 - Subpart W - PHOSPHATE FRTLZR: TRIPLE SUPERPHOS PLNT,2
CAAGACTM6M,40 CFR Part 63 Area Sources - Subpart MMMMMM - CARBON BLACK PRODUCTION AREA SOURCES,1
CAAGACTM6N,40 CFR Part 63 Area Sources - Subpart NNNNNN - CHEMICAL MANUFACTURING AREA SOURCES: CHROMIUM COMPOUNDS,1
CAAGACTMIIIII,40 CFR Part 63 Area Sources - Subpart IIIII - MERCURY EMISSIONS FROM MERCURY CELL CHLOR-ALKALI PLANTS,1
CAAGACTMX,40 CFR Part 63 Area Sources - Subpart X - SECONDARY LEAD SMELTERS,1
CAAGHGAA,GHG Part 98 - Subpart AA - PULP AND PAPER MANUFACTURING,1
CAAGHGF,GHG Part 98 - Subpart F - ALUMINUM PRODUCTION,1
CAAGHGN,GHG Part 98 - Subpart N - GLASS PRODUCTION,1
CAAGHGNN,GHG Part 98 - Subpart NN - SUPPLIERS OF NATURAL GAS AND NATURAL GAS LIQUIDS,1
CAAGHGQ,GHG Part 98 - Subpart Q - IRON AND STEEL PRODUCTION,1
CAAMACT6F,MACT Part 63 - Subpart FFFFFF - SECONDARY COPPER SMELTING AREA SOURCES,1
CAAMACTC,MACT Part 63 - Subpart C - DELISTINGS OF HAPS,1
CAAMACTE,MACT Part 63 - Subpart E - APPROVAL OF STATE PROGRAMS &  DELEGATION OF AUTHORITY,1
CAANESHP,"NESHAP Part 61 - Subpart P - INORG ARSENIC, ARS TRIOXIDE, METAL ARS",1
CAANESHW,NESHAP Part 61 - Subpart W - RADON FROM OPERATING MILL TAILINGS,1
CAANSPSBPA,NSPS Part 60 - Subpart Ba - ADOPTION AND SUBMITTAL OF STATE PLANS FOR DESIGNATED FACILITIES,1
CAANSPSKKPA,"NSPS Part 60 - Subpart KKa - LEAD ACID BATTERY MANUFACTURING PLANTS FOR WHICH CONSTRUCTION, MODIFICATION OR RECONSTRUCTION COMMENCED AFTER FEBRUARY 23, 2022",1
CAANSPSM1M,New Source Performance Standards (Non-Major) - Subpart M - SECONDARY BRASS & BRONZE PRODUCTN PLANTS,1
CAANSPSMBBPA,"New Source Performance Standards (Non-Major) - Subpart BBa - KRAFT PULP MILLS CONSTRUCT, RECONSTRUCT, MOD AFTER 05/23/2013",1
CAANSPSME,New Source Performance Standards (Non-Major) - Subpart E - INCINERATORS,1
CAANSPSMEPA,New Source Performance Standards (Non-Major) - Subpart Ea - MUNICIPAL WASTE COMBUSTORS CONSTRUCTED 12/20/1989 - 09/20/1994,1
CAANSPSMGPA,"New Source Performance Standards (Non-Major) - Subpart Ga - NITRIC ACID PLANTS CONSTRUCT, RECONSTRUCT, MOD AFTER 10/14/2011",1
CAANSPSMKKKKA,New Source Performance Standards (Non-Major) - Subpart KKKKa - STATIONARY COMBUSTION TURBINES,1
CAANSPSMLL,New Source Performance Standards (Non-Major) - Subpart LL - METALLIC MINERAL PROCESSING PLANTS,1
CAANSPSMN,New Source Performance Standards (Non-Major) - Subpart N - PRIMARY EMISS BASIC O2 PROCESS FURNACES CONSTRUCT AFTER 06/11/1973,1
CAANSPSMO,New Source Performance Standards (Non-Major) - Subpart O - SEWAGE TREATMENT PLANTS,1
CAANSPSMQQ,New Source Performance Standards (Non-Major) - Subpart QQ - GRAPH ART: PUBLICATION ROTOGRAVURE PRINT,1
CAANSPSMTTTT,New Source Performance Standards (Non-Major) - Subpart TTTT - GHG EMISSIONS FOR ELECTRIC GENERATING UNITS,1
CAANSPSMXXPA,"New Source Performance Standards (Non-Major) - Subpart XXa - BULK GASOLINE TERMINALS THAT COMMENCED CONSTRUCTION, MODIFICATION, OR RECONSTRUCTION AFTER JUNE 10, 2022",1
CAANSPSNNNPA,"NSPS Part 60 - Subpart NNNa - VOLATILE ORGANIC COMPOUND (VOC) EMISSIONS FROM SOCMI DISTILLATION OPERATIONS FOR WHICH CONSTRUCTION, RECONSTRUCTION, OR MODIFICATION COMMENCED AFTER APRIL 25, 2023",1
CAANSPSRRRPA,"NSPS Part 60 - Subpart RRRa - VOLATILE ORGANIC COMPOUND EMISSIONS FROM SOCMI REACTOR PROCESSES FOR WHICH CONSTRUCTION, RECONSTRUCTION, OR MODIFICATION COMMENCED AFTER APRIL 25, 2023",1
CAANSPSXXPA,"NSPS Part 60 - Subpart XXa - BULK GASOLINE TERMINALS THAT COMMENCED CONSTRUCTION, MODIFICATION, OR RECONSTRUCTION AFTER JUNE 10, 2022",1
CAASFPHHH,"CAASFP Part 62 - Subpart HHH - FEDRL PLAN REQ FOR HOSPITAL/MEDICAL/INFECTIOUS WASTE INCIN CONST ON OR BEFORE DECEMBER 1, 2008",1
